prime,colour,origin,origin_source,area_ha,area_year,area_2000_ha,area_2016_ha,trend_2010_2023_pct,trend_period,top1,top2,top3,synonyms
Cabernet Sauvignon,R,France,RHV,279479,2023,223386,312210,-4.7,2010-2023,France,United States,Chile,Burdeos; Cabernet S.; Cabernet Saugvignon; Cabernet Sauvignon (R); Cabernet Sauvignon - Cabernet; Cabernet Sauvignon N; Cabernet sauvignon; Cabernet-Sauvignon
Merlot,R,France,RHV,257778,2023,213428,266813,-5.0,2010-2023,France,Italy,United States,Merlot ; Merlot N; Merlot Noir; Merlot noir (R)
Tempranillo,R,Spain,RHV,226927,2023+2016,93356,219413,-2.7,2010-2023,Spain,Portugal,Argentina,"Aragonez; Tempranillo Tinto; Tempranillo, Cencibel, Tinto Fino, Tinta Del País, Tinta De Toro, Ull De Llebre; Tinta Roriz; Tinto de Toro"
Chardonnay,W,France,RHV,222927,2023,145469,202882,9.8,2010-2023,France,United States,Italy,Burgundzkie Białe; CHARDONNAY_ROSÉ; Chardonnay (Morillon); Chardonnay - Pinot Chardonnay; Chardonnay B; Chardonnay Blanc; Chardonnay Duft; Chardonnay Musque and Chardonnay; Chardonnay blanc (W); Chardonney
Airén,W,Spain,RHV,190426,2023,387978,203801,-24.7,2010-2023,Spain,Morocco,Tunisia,Airen; Burra Blanca; Burrablanca; Forcallat Blanca
Syrah,R,France,RHV,189409,2023,102437,183811,0.1,2010-2023,France,Australia,Spain,"Chirac; Shiraz; Sira (falsa); Sirah; Sirah (R); Syrach; Syrah (R); Syrah - Sirah, Shiraz; Syrah / Shiraz; Syrah N"
Garnacha Tinta,R,Spain,RHV,160140,2023+2016,216309,150519,-11.8,2010-2023,France,Spain,Italy,"Cannonau; Garnacha; Garnacha (Grenache); Garnacha - Grenache; Garnacha Tinta, Gironet, Lladoner; Grenache; Grenache N; Grenache Noir; Tinto Basto; Tocai Rosso; Vernaccia Nera; Vernaccia Nera Grossa; Vernaccina Nero"
Trebbiano Toscano,W,Italy,RHV,148946,2023+2016,137054,120344,32.8,2010-2023,France,Italy,Argentina,St. Emilion; Talia; Trebbiano; Trebbiano Toscana; Trebbiano Toscano (Ugni Blanc); Trebbiano Toscano / Ugni blanc; Trebbiano Toscano Ugni blanc; Trebbiano toscano (W); Ugni; Ugni Blanc; Ugni Blanc (Trebbiano Toscana); Ugni Blanc B; Ugni blanc
Sauvignon Blanc,W,France,RHV,144031,2023,65463,125159,26.3,2010-2023,France,New Zealand,Chile,Sauvignon; Sauvignon / Sauvignon Blanc; Sauvignon B; Sauvignon B.; Sauvignon Blanca; Sauvignon Blanco; Sauvignon Musque; Sauvignon blanc (W)
other white,W,,,141061,2023+2016,337811,149181,-19.1,2010-2023,Romania,France,Italy,Fajta nélküli/Ismeretlen fehér; Fajta nélküli/Ismeretlen kék; H. Blancos; Mezcla Blanca; O. Blancas Mesa; O. Blancas Vino; Other White; Other White Cultivars; Other Whites; Other main white grape varieties(W); Other white; Other whites; Others White; other white varieties
other red,R,,,134001,2023+2016,203968,188497,-61.7,2010-2023,France,Romania,China,H. Tintos; Mezcla Tinta; O. Tintas Mesa; O. Tintas Vino; Other Red; Other Red Cultivars; Other Reds; Other main red grape varieties (R); Other red; Others Red; other red varieties
Pinot Noir,R,France,other,131983,2023,69187,105885,33.7,2010-2023,France,United States,Germany,"BL.Spätburgunder; Blauer Burgunder; Blauer Burgunder (Pinot Noir); Blauer Spätburgunder; Corail; Frankischer Burgunder; Gros Bec; Mario Feld; Modri Pinot; Pinot 386; Pinot Crni; Pinot Franc; Pinot Negro; Pinot Nero; Pinot Noir - Pinot Negro; Pinot Noir / Blauburgunder; Pinot Noir / Blauer burgunder; Pinot Noir Blauer Burgunder; Pinot Noir N; Pinot Noir, Blue (including velvet red); Pinot Noir/Blauburgunder; Pinot Noire; Pinot noir; Pinot noir (R); Rulandske Modre; Rulandské Modré; Servagnin; Spatburgunder; Spätburgunder, Blauer (einschl. Samtrot); Vroege Loonse"
Alicante Henri Bouschet,R,France,RHV,69039,2023+2016,37149,36012,94.8,2010-2023,Spain,Chile,Portugal,"Alicante; Alicante Bouchet; Alicante Bouscehet; Alicante Bouschet; Alicante H Bouschet Tintor; Alicante H. Bouschet/Tintorera; Alicante boushet; Alikante Mouse; Garnacha Tintorera; Garnacha Tintorera, Negral; Garnacha tinta (R); Tintoreras"
Pinot Gris,G,France,RHV,68300,2023+2016,19079,48932,58.3,2010-2023,Italy,United States,Germany,"Grauer Burgunder; Grauer Burgunder (Pinot Gris); Pinot Grey; Pinot Grigio; Pinot Gris (Grigio); Pinot Gris / Malvoisie / Grauburgunder; Pinot Gris G; Pinot Gris/Grigio; Pinot Gris/Malvoisie/Grauburgunder; Pinot Sivi; Pinot gris (O); Pinotsivi; Roland; Rulander; Rulandske Sede; Rulandské Šedé; Ruländer; Ruländer (Burgunder, Grauer); Sivi Pinot; Szürkebarát"
Sangiovese,R,Italy,RHV,66839,2023+2016,68842,73475,-13.4,2010-2023,Italy,France,Argentina,Brunello; Moscatuel; Nielluccio; Nielluccio N; Prugnolo Gentile; Sangiovese (R); Sangiovese - Nielluccio; Sangiovese/ Nielluccio
Côt,R,France,RHV,61049,2023+2016,26210,52235,61.6,2010-2023,Argentina,France,Chile,"Cot; Cot (Malbec); Cot - Cot Rouge,Malbec, Malbek, Malbeck; Cot N; Cot Rouge; Malbec; Malbech; Malbeck; Malbek"
Macabeo,W,Spain,RHV,58164,2023+2016,48128,38625,42.3,2010-2023,Spain,France,South Africa,"Macabeo, Viura; Macabeu; Macabeu B; Maccabeo; Viura"
Riesling,W,Germany,RHV,53574,2023+2016,44483,54492,3.3,2010-2023,Germany,United States,France,"J. Riesling; Rajinski Rizling; Rajnai rizling; Renski Rizling; Rhein Riesling; Rheine Riesling; Rheinriesling; Riesling B; Riesling De Rhin; Riesling Lion; Riesling Renan; Riesling Renano; Riesling Reński; Riesling Weiss (W); Riesling Weisser; Riesling de Rhin; Riesling, Weißer; Riesling-Lion; Rizling Rynsky; Ryzlink Rynsky; Ryzlink Rýnský; Rèze; Weisser Riesling; Weißer Riesling; White Riesling; Wiener Gemischter Satz"
Bobal,R,Spain,RHV,53452,2023,100128,59189,-33.3,2010-2023,Spain,,,"Bobal, Provechon"
Cabernet Franc,R,France,RHV,45304,2023+2016,48622,49450,-17.8,2010-2023,France,Italy,Chile,"Bordô (for Romania); Cabernet Franc - Cabernet Franco; Cabernet Franc N; Cabernet Franc,T,; Cabernet Noir; Cabernet franc; Cabernet franc (R)"
Rkatsiteli,W,Georgia,RHV,44821,2023,67354,51374,-24.6,2010-2023,Georgia,Russia,Bulgaria,Rkaciteli; Rkatiteli; Rkatsiteli (W); Rkatziteli; Rkaţiteli
Monastrell,R,Spain,RHV,44528,2023+2016,76291,52206,-36.3,2010-2023,Spain,France,Australia,"Garrut; Mataro; Mourvedre; Mourvedre - Monastrell, Mataro; Mourvedre N; Mourvèdre; Nonastrell"
Mazuelo,R,Spain,RHV,43717,2023+2016,127621,47630,-42.4,2010-2023,France,Spain,Italy,"Bovale Grande; Carignan; Carignan - Carignane, Cariñena; Carignan N; Carignan Noir; Carignan Noir Mazuela; Carignan noir (R); Carignane; Carignano; Karinian; Mazuela; Mazuela, Cariñena, Mazuelo, Samsó"
Prosecco,W,Italy,RHV,41990,2023,7507,20139,126.0,2010-2023,Italy,Australia,Brazil,Glera; Glera (W); Prosecco-Glera
Muscat Blanc à Petits Grains,W,Greece,RHV,36052,2023,30105,33794,15.9,2010-2023,Italy,France,Spain,"Bornova Misketi; Fekete Muskotály; Gelber Muskateller; M. Petits Grains(M.Frontignan); Moscatel; Moscatel Branco; Moscatel De Frontignan; Moscatel De Grano Menudo, Moscatel Morisco; Moscatel Frontignan; Moscatel Galego Branco; Moscatel Galego Branco / Muscat À Petits Grains; Moscatel Nunes; Moscatel de Grano Menudo; Moscato Bianco; Moscato Bianco R2; Moscato Canelli; Muscadel; Muscat / Muskateller; Muscat A Petit Grains Blanc (Frontignac); Muscat A Petits Grains B; Muscat A Petits Grains Blancs; Muscat Blanc; Muscat Blanc (du Valais); Muscat Blanc A Petit Grains; Muscat Blanc a Petit Grains; Muscat Blanc À Petits Grains; Muscat Canelli; Muscat De Frontigna; Muscat De Frontignan; Muscat Frontignan; Muscat Petit Grain; Muscat Petits Grains; Muscat White; Muscat a Petits Grains Blanc; Muscat a petits grains blancs (W); Muscat de Frontignan; Muscat frontignian; Muscato Italia Bianco; Muskat; Muskat Bijeli; Muskat Zlty; Muskateller; Muskateller Gelber; Muskateller, Gelber; Muškatžuti; Rumeni Muskat; Rumeni Muškat; Sárga Muskotály; Sárga muskotály; Tamaioasa Romaneasca; Tamiosa Romaneasca; Temjanika; Tămâioasă Românească; Tămâioasă românească"
Cayetana Blanca,W,Spain,RHV,33650,2023,55776,36456,-15.5,2010-2023,Spain,Portugal,Australia,"Baladi Verdejo; Blanca; Blanca Cayetana; Doradilla; Mourisco Branco; Pardina; Pardina, Baladí, Baladí Verdejo, Calagraño, Jaén Blanco, Robal; Robal; Sarigo"
Catarratto Bianco,W,Italy,RHV,31175,2023+2016,50711,28613,-10.5,2010-2023,Italy,United States,,Catarratto; Catarratto Bianco Comune; Catarratto Bianco Lucido; Catarratto bianco comune (W); Catarratto bianco lucido (W)
Montepulciano,R,Italy,RHV,30889,2023,28728,32901,-11.9,2010-2023,Italy,Australia,Argentina,Cordisco; Montepulciano (R); Montepuliciano
Chenin Blanc,W,France,RHV,30866,2023+2016,45607,32261,-13.1,2010-2023,South Africa,France,Argentina,Chenin; Chenin B; Chenin Blanc - Chenin; Chenin blanc
Tribidrag,R,Croatia,RHV,30708,2023+2016,26894,33629,-8.5,2010-2023,United States,Italy,North Macedonia,Crljenak Kastelanski; Crljenak Viški; Kratoshija; Kratošija; Primitivo; Primitivo (R); Primitivo / Zinfandel; Primitivo(Zinfandel); Zinfandel
Muscat of Alexandria,W,Greece,RHV,30239,2023+2016,29468,34954,-1.2,2010-2023,Spain,Chile,Italy,"Hanepoot; Malaga; Moscadella; Moscatel Blanca; Moscatel Blanco; Moscatel De Alejandria; Moscatel De Alejandría; Moscatel De Alejandría - Blanca Italia; Moscatel De Alejandría, Moscatel De Málaga; Moscatel Graudo; Moscatel Graúdo / Moscatel-De-Setúbal; Moscatel de Alejandria; Moscatel de Alejandr¡a; Moscatel de Malaga; Moscato Of Alexandria; Moscato de Alexandria; Muscat Alexandria; Muscat Amber; Muscat D'Alexandrie; Muscat D'Alexandrie B; Muscat Gordo Blanco; Muscat Of Alexandria; Muscat d'Alexandrie; Muscat of Alexandria (W); Zibibbo"
Colombard,W,France,RHV,30083,2023,38403,29965,-8.7,2010-2023,France,South Africa,United States,Colombar; Colombar(D); Colombard B; French Colombard
Cinsaut,R,France,RHV,27198,2023+2016,48428,22916,0.2,2010-2023,France,South Africa,Morocco,Bastardillo; Cargadora; Cinsault; Cinsaut (Picapol); Cinsaut N; Cinsaut Seedles; Ottavianello; Sao Saul; Senso
Graševina,W,Croatia,RHV,25608,2023+2016,96629,30083,-61.7,2010-2023,Romania,Croatia,Hungary,Borba; Grasevina; Grasvena; Italian Riesling; Laki Rizling; Laški Rizling; Olasz Rizling; Olasz rizling; Riesling Italian; Riesling Italico; Rizling Vlasky; Ryzlink Vlaky; Ryzlink Vlašský; Welschriesling; Welschriesling (W)
Verdejo,W,Spain,RHV,25320,2023,4452,17925,52.7,2010-2023,Spain,Chile,Uruguay,Verdejo Blanco; Verdejo Verdelho
Aligoté,W,France,RHV,25114,2023+2016,35668,26929,-32.1,2010-2023,Moldova,Russia,Romania,Aligote; Aligote (W); Aligote B; Mukhranuli
Cereza,G,Argentina,RHV,24834,2023,31113,28887,-17.0,2010-2023,Argentina,,,
Gamay Noir,R,France,RHV,23200,2023+2016,37762,26215,-27.5,2010-2023,France,Switzerland,Canada,"Gamay; Gamay Beaujolais; Gamay De Bouze N; Gamay De Chaudenay N; Gamay Fréaux; Gamay N; Gamay St Romain; Gamay cl 565; Gamay noir; Plant Robert; Plant Robert, Gamay and Zweigeltrebe"
Isabella,R,United States,RHV,23096,2023,27450,17797,-29.2,2010-2023,Brazil,Moldova,Russia,Frutilla; Isabel; Isabel Precoce; Isabella (Adessa); Isabella(Frutilla); Lidia
Pinot Meunier,R,France,RHV,23057,2023+2016,13125,14640,68.0,2010-2023,France,Germany,United Kingdom,Meunier; Müllerrebe (Schwarzriesling); Pinot Menier; Pinot Menieur; Pinot Meniuer; Pinot Meunier (R); Pinot meunier; Schwarzriesling
Saperavi,R,Georgia,RHV,21513,2023,6707,6468,164.5,2010-2023,Georgia,Russia,Ukraine,
Nero d'Avola,R,Italy,RHV,20194,2023+2016,11323,14258,20.7,2010-2023,Italy,Hungary,Australia,Calabrese; Calabrese (R); Nero; Nero D'Avola; Nero Davola
Barbera,R,Italy,RHV,19697,2023+2016,33026,17809,-19.2,2010-2023,Italy,United States,Argentina,Barbera Nera; Barbera Noir; Barbera nera (R)
Grüner Veltliner,W,Austria,RHV,19141,2023+2016,41083,19125,1.5,2010-2023,Austria,Slovakia,Czechia,"Falkensteiner; Gruener Veltliner; Gruner Veltliner; Veltliner Grun; Veltliner Grun (W); Veltliner, Grüner; Veltlinske Zelene; Veltlínské Zelené; Zöld Veltelíni; Zöld veltelíni"
Müller-Thurgau,W,Germany,RHV,18513,2023+2016,36862,19501,-19.8,2010-2023,Germany,Italy,Czechia,Findling; Mueller Thurgau; Muller Thurgau; Muller Thurgau Weiss; Muller Thurgau Weiss (W); Muller-Thurgau; Müller Thurgau; Müller Thurgau Rivaner; Müller-Thurgau (Rivaner); Müllerthurgau / Rieslingsilvaner; Rivaner; Rizlingszilváni; Rizvanac; Rizvanec
Vermentino,W,Italy,RHV,18131,2023+2016,5838,11449,102.7,2010-2023,Italy,France,Australia,Favorita; Favorita Diaz; Pigato; Vermentino (W); Vermentino / Favorita; Vermentino B
Douce Noire,R,France,RHV,18109,2023+2016,18323,19733,-7.1,2010-2023,Argentina,Italy,United States,Bonarda; Charbono; Serbina; Turca
Sémillon,W,France,RHV,17053,2023+2016,26202,18735,-22.7,2010-2023,France,Australia,South Africa,Semigion; Semilao; Semilion; Semillon; Semillon (W); Semillon B
Pinot Blanc,W,France,RHV,16701,2023+2016,19876,13774,12.7,2010-2023,Germany,Italy,Austria,"Beli Pinot; Bilan Bijeli; Burgunder; Burgunder, Weißer; Pinot Bianco; Pinot Bijeli; Pinot Blanc - Pinot Blanco, Burgunder Weisser; Pinot Blanc / Weissburgunder; Pinot Blanc B; Pinot Blanco; Pinot White; Pinot blanc; Pinot blanc (W); Rulandske Bile; Rulandské Bílé; Weissburgunde; Weissburgunder; Weisser Burgunder; Weißburgunder; Weißer Burgunder; Weißer Burgunder (Pinot Blanc)"
Blaufränkisch,R,Austria,RHV,15741,2023+2016,16636,17180,-12.9,2010-2023,Hungary,Austria,Germany,"Blaufrankisch; Blaufrankisch (R); Blaufränkisch / Lemberger; Blaufränkisch/ Lemberger; Blaufränkisch/Lemberger; Borgona; Borgonja; Burgund Mare; Franconia; Franconia ; Frankovka; Frankovka Modra; Kékfrankos; Lemberger; Limberger, Blauer; Modra Frankinja"
Carmenère,R,France,RHV,15467,2023+2016,5711,22470,44.0,2010-2023,Chile,China,Italy,Cabernet Gernischt; Carmenere; Carmenere Crni; Carmenère - Grande Vidure
Trebbiano Romagnolo,W,Italy,RHV,15330,2023,19492,19059,-3.6,2010-2023,Italy,Uruguay,Croatia,Trebbiano romagnolo (W)
Touriga Franca,R,Portugal,RHV,15153,2023+2016,6671,14224,30.8,2010-2023,Portugal,Romania,South Africa,Touriga Francesa
Palomino Fino,W,Spain,RHV,14428,2023+2016,28881,23177,-36.4,2010-2023,Spain,Portugal,Mexico,"Listan; Madera; Malvasia Rei; Palamino; Palomino; Palomino Fino, Listán Blanco; Palomino Superior"
Gewürztraminer,W,Germany,RHV,14195,2023+2016,10822,13355,-16.5,2010-2023,France,Italy,Germany,"Gewurtztraminer; Gewurztraminer; Gewurztraminer (O); Gewurztraminer Rs; Gewürtztraminer; Livora; Roter Traminer; Tramin Cerveny; Tramina; Traminac Crveni; Traminer; Traminer Aromatico; Traminer Rose; Traminer Rot; Traminer Roz; Traminer rosse; Traminer, Roter; Tramini; Tramín Červený"
Muscat Ottonel,W,France,RHV,13880,2023+2016,12643,12464,32.7,2010-2023,Romania,Bulgaria,Moldova,"Moscato Ottonel; Moschato Kyprou; Muscat Ottonel (W); Muskat, Ottonel; Muskat-Ottonel; Muškat Ottonel; Muškát Ottonel; Ottonel Muskotály; Ottonel muskotály"
Touriga Nacional,R,Portugal,RHV,13708,2023+2016,4221,11683,31.3,2010-2023,Portugal,South Africa,Australia,"Touriga; Touriga Nacional N; Touriga Nacional, T; Touriga National"
Viognier,W,France,RHV,13557,2023,3160,16122,16.1,2010-2023,France,Italy,Chile,Viogner; Viognier (W); Viognier B
Garganega,W,Italy,RHV,13389,2023,16553,8553,-13.0,2010-2023,Italy,Argentina,Chile,Garganega (W); Grecanico Dorato; Grecanico dorato (W)
Fetească Albă,W,Moldova,RHV,13115,2023,23828,13382,-24.9,2010-2023,Romania,Moldova,Slovakia,Dievcie Hrozno; Feteasca Alba; Feteasca alba (W)
Fetească Regală,W,Romania,RHV,12603,2023,2578,12991,-6.9,2010-2023,Romania,Moldova,Slovakia,Feteasca Regala; Feteasca regala (W); Feteasca regală
Criolla Grande,R,Argentina,RHV,12531,2023,24264,15596,-39.6,2010-2023,Argentina,,,
Moldova,R,Moldova,VIVC,12431,2023,,12375,,,Moldova,Serbia,Georgia,
Fernão Pires,W,Portugal,RHV,12404,2023+2016,14206,12211,30.2,2010-2023,Portugal,South Africa,,Fernao Pires; Fernao Pires Rosado; Fernão Pires / Maria Gomes; Molinha
Mencía,R,Spain,RHV,11629,2023,13138,11051,9.0,2010-2023,Spain,Portugal,Australia,Jaen; Jaen / Mencia; Jaen Tinto; Jaén Tinto; Loureiro Tinto; Mencia
Xarello,W,Spain,RHV,11229,2023,10299,8534,33.8,2010-2023,Spain,,,"Xarello Blanco; Xarello Rosado; Xarello, Cartoixa, Pansal, Pansa Blanca, B"
Listán Prieto,R,Spain,RHV,11168,2023+2016,16589,10267,132.4,2010-2023,Chile,Argentina,United States,"California; Criolla Chica; Listan Prieto; Mission; Moscatel Negra; Moscatel Negro; Pais; Pais - Mission, Criolla"
Vranac,R,Montenegro,RHV,11052,2023+2016,,9503,-5.0,2010-2023,North Macedonia,Croatia,Serbia,Vranec
Negroamaro,R,Italy,RHV,10852,2023,16619,11431,-5.6,2010-2023,Italy,United States,Argentina,Negro Amaro; Negro amaro (R)
Alvarinho,W,Portugal,RHV,10657,2023,5113,8405,89.7,2010-2023,Spain,Portugal,Uruguay,Albarifio; Albarino; Albariño
Dimyat,W,Bulgaria,RHV,10543,2023+2016,7740,9696,20.4,2010-2023,North Macedonia,Bulgaria,Serbia,Dimyat (W); Smederevka; Zoumiatiko
Petit Verdot,R,France,RHV,10355,2023+2016,1530,8153,41.0,2010-2023,Spain,France,United States,"Petit Verdot ; Petit Verdot N; Petit Verdot, T; Petit verdot; Verdot; Verdot petit (R)"
Savatiano,W,Greece,RHV,10336,2023,12747,10268,4.2,2010-2023,Greece,,,Savvatiano; Savvatiano (W)
Marselan,R,France,RHV,10336,2023+2016,176,3941,141.3,2010-2023,France,China,Uruguay,Marcelan; Marselan N
Garnacha Blanca,W,Spain,RHV,10168,2023+2016,10794,7409,36.7,2010-2023,France,Spain,South Africa,"Belon De Bourgogne; Garnacha Blanca, Lladoner Blanco; Garnachablanca; Grenache Blanc; Grenache Blanc B"
Bordô,R,United States,RHV,10115,2023,,,,,Brazil,,,Bordô 
Malvasia Bianca di Candia,W,Italy,RHV,10079,2023,12889,9685,7.7,2010-2023,Italy,Brazil,United States,Malvasia Amarela; Malvasia Bianca; Malvasia Di Candia; Malvasia bianca (W); Malvasia bianca di Candia (W); Malvasia di Candia
Sultaniye,W,Turkey,RHV,9927,2023,12122,5856,19.6,2010-2023,South Africa,Turkiye,India,Soultanina; Sultana; Sultanina; Thompson Seedless
Terbash,W,Turkmenistan,RHV,9875,2023,,,,,Turkmenistan,,,
Aglianico,R,Italy,RHV,9604,2023,9346,9709,-4.1,2010-2023,Italy,United States,Australia,Aglianco; Aglianico (R); Aglianico del Vulture; Aglianico del Vulture (R)
Pedro Giménez,W,Argentina,RHV,9558,2023,14862,15576,-29.2,2010-2023,Argentina,Chile,,Pedro Gimenez; Pedro Gimenez Rio Colorado; Pedro Gimenez Río Colorado; Pedro Jimenez; Pedro Jimenez - Pedro Gimenez
Grillo,W,Italy,RHV,9482,2023,1803,7382,50.6,2010-2023,Italy,,,Grillo (W)
Parellada,W,Spain,RHV,9351,2023,11188,7137,5.7,2010-2023,Spain,,,"Parellada, Montonec, Montonega"
Roditis,G,Greece,RHV,9060,2023,299,8463,94.1,2010-2023,Greece,,,Roditis (O)
Castelão,R,Portugal,RHV,8990,2023,14424,12580,-18.9,2010-2023,Portugal,Spain,,Castelao; Casteloa; Castelão / João De Santarém / Periquita; Periquita; Piriquita
Bianca,W,Hungary,RHV,8953,2023+2016,2180,9766,38.4,2010-2023,Hungary,Russia,Moldova,Bianca (W)
Pamid,R,Bulgaria,RHV,8862,2023+2016,22718,9961,-13.1,2010-2023,Bulgaria,Romania,North Macedonia,Pamid (R); Pamiti; Piros Szlanka; Piros szlanka; Plovdina; Rosioara; Roşioară; Roșioară
Tinto De La Pámpana Blanca,R,Spain,VIVC,8837,2023,,,,,Spain,,,
other grey,,,,8639,2016,,8639,,,Portugal,Spain,,
Melon,W,France,RHV,8594,2023,13253,9551,-30.2,2010-2023,France,Argentina,Switzerland,Melon B; Melón; Muscadet
Zweigelt,R,Austria,RHV,8488,2023+2016,11618,9067,-15.9,2010-2023,Austria,Hungary,Czechia,"Zweigelt ; Zweigelt, Blauer; Zweigeltrebe; Zweigeltrebe Blau (R)"
Torrontés Riojano,W,Argentina,RHV,7914,2023,8197,8859,-11.5,2010-2023,Argentina,Chile,Peru,Torontel; Torrontes Riojano
Concord,R,United States,RHV,7808,2023,11816,10544,-37.3,2010-2023,United States,Brazil,Canada,
Dornfelder,R,Germany,RHV,7661,2023+2016,3767,7871,-7.2,2010-2023,Germany,Czechia,Slovakia,Dom Felder; Dornfelder (R)
Ancellotta,R,Italy,RHV,7647,2023,4405,2739,63.3,2010-2023,Italy,Argentina,Brazil, Ancellotta; Ancellota; Ancellotta (R); Ancelota
Loureiro,W,Portugal,RHV,7537,2023,4392,4696,85.9,2010-2023,Portugal,Spain,,"Loureira, Loureiro Blanco, Marqués; Loureiro Blanca; Loureiro Blanco"
Beba,W,Spain,RHV,7485,2023,8250,2556,146.5,2010-2023,Spain,Argentina,Portugal,"Beba, Eva; Breval; Iso; Teneron; Teta de Vaca; Valency"
Muscat of Hamburg,R,United Kingdom,RHV,7461,2023+2016,7068,7645,-46.7,2010-2023,France,Greece,Uruguay,Black Muscat; Hamburg Moschato; Hamburgi Muskotaly; Hamburgi Muskotály; Hamburgi muskotály; Moscatel De Hamburgo; Moscatel De Hamburgo (Mesa); Moscatel De Hamburgo(Vino); Moscatel Hamburg; Moscatel de Hamburg; Moscato Nero di Acqui; Moscato d'Amburgo; Muscat De Hambourg N; Muscat From Pleven; Muscat Hambourg; Muscat Hamburg; Muscat Hamburg (R); Muscat Of Hamburg; Muscat de Hambourg; Muscat de Hamburg; Muskat Hungarian; Muskat-Trollinger; Muskattrollinger; Roter Muskateller
Nebbiolo,R,Italy,VIVC,7388,2023+2016,5253,7996,20.5,2010-2023,Italy,Mexico,Australia,Nebbiolo (R); Nebiollo; Nebiolo; Rose
Corvina Veronese,R,Italy,RHV,7362,2023,4800,6240,-1.8,2010-2023,Italy,Argentina,Chile,Corvina; Corvina (R); Corvinone (R)
Baga,R,Portugal,RHV,7203,2023,6730,6750,75.3,2010-2023,Portugal,Spain,,Carrasquenho; Carrega Burros
Pedro Ximénez,W,Spain,RHV,7164,2023+2016,17272,8795,-22.6,2010-2023,Spain,Portugal,Australia,Pedro; Pedro Ximenes; Pedro Ximenez; Perrum
Trincadeira,R,Portugal,RHV,6913,2023+2016,7264,10509,-25.4,2010-2023,Portugal,South Africa,Argentina,Tinta Amarela; Tinta Amarella; Trincadeira / Tinta Amarela / Trincadeira Preta; Trincadeira Preta; Trincdeira
Bordô ,,,,6744,2016,3379,6744,-18.6,2010-2016,Brazil,,,
Pinotage,R,South Africa,RHV,6628,2023,6506,7130,4.7,2010-2023,South Africa,Brazil,New Zealand,
Arinto de Bucelas,W,Portugal,RHV,6440,2023,3966,5409,43.7,2010-2023,Portugal,Poland,,Arintho; Arinto; Arinto / Pedernã; Arinto Roxo
Chasselas,W,Switzerland,RHV,6345,2023+2016,13318,7377,-55.2,2010-2023,Switzerland,Germany,Hungary,"Bela Glera; Bela Žlahtnina; Chaselas Dorada; Chaslas; Chassela Blanc, Rose; Chasselas / Gutedel; Chasselas B; Chasselas Blanc; Chasselas De Medoc; Chasselas Dorato; Chasselas Doré; Chasselas Musque; Chasselas alba; Chasselas blanc (W); Chasselas musque; Chasselas/Gutedel; Gutedel; Gutedel Weisser; Gutedel, Weißer; Plemenka Bijela"
Silvaner,W,Austria,RHV,6269,2023+2016,11101,6066,-14.3,2010-2023,Germany,France,Switzerland,"Gruener Silvaner; Silvanac Zeleni; Silvaner Grun; Silvaner grun (W); Silvaner, Grüner; Silvanske Zelene; Sylvaner; Sylvaner / Rhin; Sylvaner B; Sylvaner Verde; Sylvaner/Rhin; Sylvanske Zelene; Sylvánské Zelené; Zeleni Silvanec; Zold Szilvani; Zöld szilváni"
Durif,R,France,RHV,6112,2023+2016,1197,4833,66.0,2010-2023,United States,Australia,Chile,Petit Sirah; Petit Syrah; Petite Sirah; Petite Syrah; Petite Syrah - Durif
Caladoc,R,France,RHV,6066,2023,1427,5258,63.7,2010-2023,France,Portugal,Spain,"Caladoc N; Caladoc,T"
Inzolia,W,Italy,RHV,5846,2023,9259,4740,-4.7,2010-2023,Italy,Switzerland,,Ansonica; Ansonica (W)
Lambrusco Maestri,R,Italy,RHV,5590,2023,1513,5657,141.8,2010-2023,Italy,Argentina,,Lambrusco Maestri (R)
Lambrusco Salamino,R,Italy,RHV,5364,2023,4147,6228,7.2,2010-2023,Italy,Japan,,Lambrusco Salamino (R)
Falanghina Flegrea,W,Italy,RHV,5353,2023,,3634,,,Italy,,,Falanghina flegrea (W)
Flame Seedless,R,United States,VIVC,5243,2023,548,55,0.0,2010-2023,Argentina,Peru,Ethiopia,
Síria,W,Portugal,RHV,5218,2023,2791,7037,-33.9,2010-2023,Portugal,Spain,,"Alvadurao; Ciguente; Crato Espanhol; Dona Blanca; Doña Blanca; Doña Blanca, Cigüente, Dona Branca, Malvasía Castellana; Malvasia Branca; Roupeiro Branco; Sabro; Siria; Síria / Roupeiro / Códega; Valenciana Blanca"
Muscat Blanc à Petits Grains (G),W,Greece,RHV,5111,2023,10442,8258,-41.7,2010-2023,Argentina,Chile,,Moscatel Rosada; Moscatel Rosada (Pastilla); Moscatel Rosado
Tannat,R,France,RHV,4992,2023+2016,5594,5581,-14.0,2010-2023,France,Uruguay,Argentina,Tannat (Harriague); Tannat N; Tannat(Harriague)
Blauer Portugieser,R,Austria,RHV,4732,2023+2016,11514,6590,-44.6,2010-2023,Germany,Hungary,Czechia,"Kékoportó; Modry Portugal; Modrý Portugal; Oporto; Portoghese; Portugais Bleu; Portugalka; Portugieser; Portugieser Blau; Portugieser Blau (R); Portugieser, Blauer; Portugizac; Portugizer; Portugues Azul; Portuguese, blue; Ranina"
Verdicchio Bianco,W,Italy,RHV,4702,2023,5043,4682,33.1,2010-2023,Italy,Argentina,Brazil,Boschera; Peverella; Trebbiano di Soave; Verdicchio; Verdicchio bianco (W)
Vinhao,R,Portugal,RHV,4562,2023+2016,5901,4467,45.0,2010-2023,Portugal,Spain,South Africa,Sousao; Souson; Sousón; Souzao; Vinhão / Sousão
Aspiran Bouschet,R,France,RHV,4471,2023,433,4088,97.6,2010-2023,Argentina,Uruguay,Brazil,Aspirant Bouschet; Aspirant Bouschet(L.Christi)
Chelva,W,Spain,RHV,4361,2023,10877,5029,-29.3,2010-2023,Spain,,,"Forastera Blanca; Montúa, Chelva"
Bonarda Piemontese,R,Italy,RHV,4306,2023,23,5926,72148.3,2010-2023,Italy,,,Bonarda piemontese (R); Durasa
Dolcetto,R,Italy,RHV,4265,2023,7197,4541,-32.7,2010-2023,Italy,Australia,United States,Dolcetto (R)
Furmint,W,Hungary,RHV,4219,2023,3483,4435,-20.0,2010-2023,Hungary,Slovenia,Slovakia,"Furmint (W); Furmint Blanc,; Malvasia Verde; Moslavac; Sipelj; Sipon; Šipelj; Šipon"
Misket Cherven,G,Bulgaria,RHV,4101,2023,,4349,-1.4,2010-2023,Bulgaria,,,Misket cherven (W)
Ruby Cabernet,R,United States,RHV,4042,2023,7351,5294,-29.0,2010-2023,South Africa,United States,Australia,Rubi Cabernet; Ruby Caber
Rubired,R,United States,RHV,3921,2023+2016,4153,4849,-14.5,2010-2023,United States,Australia,,Tintoria
Kangun,W,Armenia,RHV,3803,2023,850,,347.4,2010-2023,Armenia,,,
Fetească Neagră,R,Moldova,RHV,3717,2023,1214,3248,92.7,2010-2023,Romania,Moldova,Hungary,Fekete leányka; Feteasca Neagara; Feteasca Neagra; Feteasca Neagra                     ; Feteasca neagră
Gaglioppo,R,Italy,RHV,3674,2023,3592,4626,-12.8,2010-2023,Italy,,,Gaglioppo (R)
Graciano,R,Spain,RHV,3670,2023+2016,1960,2879,21.0,2010-2023,Spain,Italy,Portugal,Bovale; Cagnulari; Graciana; Tinta Fontes; Tinta Miuda; Tintilla De Rota; Tintilla de Rota
Italia,W,Italy,RHV,3606,2023+2016,1076,5188,-14.4,2010-2023,Morocco,Peru,Tunisia,"Italia (Pirovano 65) (PE); Italian, Portugese whites"
Cserszegi Fűszeres,G,Hungary,RHV,3571,2023,2185,4299,-1.2,2010-2023,Hungary,Slovakia,Poland,Cserszegi Fuszeres; Cserszegi fuszeres (W); Cserszegi füszeres; Cserszegi fűszeres
Sauvignonasse,W,France,RHV,3532,2023,5452,3860,-22.6,2010-2023,Italy,Chile,Argentina,Friulano; Friulano (W); Sauvignon Vert; Tocai; Tocai Friulano; Zeleni Sauvignon
Tinta Barroca,R,Portugal,RHV,3428,2023+2016,5657,4925,-45.5,2010-2023,Portugal,South Africa,Chile,Barroco
Marufo,R,Portugal,RHV,3392,2023,6339,4683,-48.4,2010-2023,Portugal,Spain,,"Marufo / Mourisco Roxo; Moravia Dulce; Moravia Dulce, Crujidera; Mourisco; Mourisco Roxo"
Cortese,W,Italy,RHV,3363,2023,3113,2405,13.9,2010-2023,Italy,,,Cortese (W)
Gros Manseng,W,France,RHV,3344,2023,2160,3059,12.4,2010-2023,France,Spain,Uruguay,Gros Manseng B; Gross Manseng; Manseng Gros Blanc
Zalema,W,Spain,RHV,3329,2023,5969,4015,-18.7,2010-2023,Spain,,,
Alarije,W,Spain,RHV,3183,2023,1686,4407,84.4,2010-2023,Spain,,,"Alarije, Malvasía Riojana, Rojal, Subirat Parent; Malfar"
Rufete,R,Portugal,RHV,3178,2023,3397,1859,-34.2,2010-2023,Portugal,Spain,,Castellana; Castellana Negra; Rufete / Tinta Pinheira
Agiorgitiko,R,Greece,RHV,3160,2023+2016,2320,3272,8.5,2010-2023,Greece,Cyprus,South Africa,Agiorgitiko (R)
Couderc Noir,R,France,RHV,3105,2023,614,2136,-11.7,2010-2023,Brazil,France,,Couderc
Godello,W,Spain,RHV,3061,2023,1489,1406,129.8,2010-2023,Spain,Portugal,Belgium,"Agudello; Agudelo, Chenin Blanc; Godelho; Gouveio; Gouveio Roxo"
Auxerrois,W,France,RHV,3020,2023,2302,2853,6.7,2010-2023,France,Germany,Luxembourg,Aucerot; Auxerrois B
Pecorino,W,Italy,RHV,2996,2023,166,1742,143.9,2010-2023,Italy,Peru,Argentina,Pecorino (W); Uvina
Nerello Mascalese,R,Italy,RHV,2990,2023,4167,1805,3.7,2010-2023,Italy,,,Nerello Mascalese (R)
Bacchus,W,Germany,RHV,2985,2023,3392,1759,40.4,2010-2023,Germany,United Kingdom,Canada,Bacchus Weiss; Bacchus weiss (W)
Irsai Olivér,W,Hungary,RHV,2875,2023+2016,,1790,88.6,2010-2023,Hungary,Slovakia,Moldova,Irsai Oliver; Irsai Oliver (W); Irsay Olivier; Irşai Oliver; Muscat Irsai Oliver; Muscat Oliver
Listan Negro,R,Spain,RHV,2847,2023,3291,2847,6.8,2010-2023,Spain,,,Almuneco; Negra Commun
Prieto Picudo,R,Spain,RHV,2825,2023,3256,4293,-38.4,2010-2023,Spain,,,
Mavro,R,Cyprus,RHV,2823,2023,10969,3187,-21.0,2010-2023,Cyprus,,,
Malvazija Istarska,W,Croatia,VIVC,2812,2023+2016,7559,2788,5.2,2010-2023,Croatia,Slovenia,Italy,Malvasia Istriana; Malvazija; Poljšakica
Fiano,W,Italy,RHV,2799,2023,758,2167,88.5,2010-2023,Italy,Australia,Argentina,Fiano (W)
Magliocco Canino,R,Italy,RHV,2789,2023,579,679,417.8,2010-2023,Italy,,,Magliocco canino (R)
Rondinella,R,Italy,RHV,2784,2023,2797,2683,12.3,2010-2023,Italy,Argentina,Brazil,Rondinella (R)
Niagara,W,United States,RHV,2752,2023,15343,3264,-41.1,2010-2023,Brazil,United States,Japan,Niagara Branca; Niagara White; Niagara and Wiley White
Sankt Laurent,R,Austria,RHV,2749,2023,2969,3272,-25.5,2010-2023,Czechia,Slovakia,Austria,Saint Laurent; Saint Laurent (R); Saint-Laurent; St Laurent; St. Laurent; Svatovavrinecke; Svatovavřinecké; Szentlorinc; Szentlőrinc; Šentlovrenka
Shesh i Zi,R,Albania,RHV,2720,2023,,,,,Albania,,,Shesh i Zi (Black Shesh)
Croatina,R,Croatia,RHV,2699,2023+2016,3116,2695,6.5,2010-2023,Italy,Argentina,Croatia,
Seyval Blanc,W,France,RHV,2657,2023+2016,389,2699,346.0,2010-2023,Canada,France,United States,Seyval; Seyval (Blanc); Seyval Blanc and Vidal 256; Seyve Villard; Seyve Villard 5276
Liatiko,R,Greece,RHV,2577,2023,2476,2633,112.8,2010-2023,Greece,,,Liatiko (R)
Grolleau Noir,R,France,RHV,2576,2023,3006,1949,-6.6,2010-2023,France,Belgium,Netherlands,Grolleau; Grolleau Gris; Grolleau Gris G; Grolleau N
Trebbiano d'Abruzzo,W,Italy,RHV,2560,2023,8435,2630,-49.7,2010-2023,Italy,,,Trebbiano Abruzzese; Trebbiano abruzzese (W)
Malvasia Fina,W,Portugal,RHV,2542,2023,7102,3282,-27.4,2010-2023,Portugal,Spain,Uruguay,Boal; Boal Branco; Boal Espinho; Gual; Malvasia Fina / Boal; Ratinho; Torrontes
Trajadura,W,Portugal,RHV,2539,2023,2416,2492,17.1,2010-2023,Portugal,Spain,,Trajadura / Treixadura; Treixadura
Băbească Neagră,R,Romania,VIVC,2525,2023,3722,2696,-17.0,2010-2023,Romania,United States,,Babeasca Neagra; Rara Neagra; Sereksiy Charni
Kerner,W,Germany,RHV,2520,2023+2016,7129,2891,-39.5,2010-2023,Germany,Slovenia,Czechia,Kerner (W); Kerner Bijeli; Kernling; Riesling Trollinger
Malvasia,W,Greece,RHV,2472,2023,61,2184,-60.8,2010-2023,Spain,Portugal,Argentina,
Red Globe,R,United States,VIVC,2471,2023,2113,242,0.0,2010-2023,Argentina,Peru,Uruguay,
Roussanne,W,France,RHV,2455,2023+2016,874,2120,39.2,2010-2023,France,South Africa,Australia,Rousanne; Roussanne B
Greco,W,Italy,RHV,2391,2023,1325,21,1411.9,2010-2023,Italy,Argentina,Chile,Asprinio; Greco Di Tufo; Greco bianco (W); Greco di Tufo
Pignoletto,W,Italy,RHV,2330,2023,6009,1174,36.5,2010-2023,Italy,Chile,,Pignoletto (W)
Clairette,W,France,RHV,2320,2023+2016,3421,2420,-21.9,2010-2023,France,South Africa,Morocco,Clairet; Clairette B; Clairette Blanche
Lambrusco Grasparossa,R,Italy,RHV,2269,2023,1720,954,-17.0,2010-2023,Italy,Argentina,,Lambrusco Grasparossa (R)
Xinomavro,R,Greece,RHV,2167,2023,1816,2135,9.9,2010-2023,Greece,Cyprus,,Xynomavro; Xynomavro (R)
Assyrtiko,W,Greece,RHV,2165,2023,1106,1770,138.7,2010-2023,Greece,Cyprus,,Asirtiko; Assyrtiko (W)
Schiava Grossa,R,Italy,RHV,2147,2023+2016,3788,2255,-16.1,2010-2023,Germany,Italy,Serbia,Blauer Trollinger; Schiava grossa (R); Trolinger; Trollinger; Trollinger Blauer; Tschaggele; Vernatsch
Odessky Cherny,R,Ukraine,RHV,2104,2023,1694,2508,-67.9,2010-2023,Russia,Ukraine,Czechia,Alibernet; Odessa Black; Odessky Chernyi
Grechetto di Orvieto,W,Italy,RHV,2091,2023,1177,1824,39.3,2010-2023,Italy,,,Grechetto; Grechetto Bianco; Grechetto bianco (W)
Jacquez,R,United States,RHV,2085,2023,226,1442,-11.9,2010-2023,Brazil,Mexico,United States,Black Spanish; Lenoir
Malvasia Bianca Lunga,W,Italy,RHV,2079,2023,3937,1247,-18.3,2010-2023,Italy,Croatia,Cyprus,Malvasia Chianti; Malvasia bianca lunga (W); Marastina; Maraština
Kyoho (4N),R,Japan,VIVC,2062,2023,4003,2762,-25.0,2010-2023,"Korea, Rep.",Japan,,Dream Of Fuji; Kyoho; Kyoko
Pervenets Magaracha,W,Ukraine,RHV,2058,2023,2837,2755,-31.2,2010-2023,Russia,Moldova,,Magaracha's Firstborn; Pervenec Magaracha; Pervenets of Magarach; Perveneţ Magaracia
Ribolla Gialla,W,Italy,RHV,2050,2023,1406,959,74.7,2010-2023,Italy,Slovenia,Serbia,Rebula; Ribolla Bianca; Ribolla gialla (W)
Greco Bianco,W,Italy,RHV,2050,2016,660,2050,27.8,2010-2016,Italy,,,
Aletta,W,Hungary,VIVC,2041,2023,,1676,182.3,2010-2023,Hungary,,,Aletta (W)
Passerina,W,Italy,RHV,2030,2023,715,933,127.0,2010-2023,Italy,Switzerland,,Passerina (W)
Piquepoul Blanc,W,France,RHV,2013,2023+2016,975,1564,34.8,2010-2023,France,United States,South Africa,Picpoul Blanc; Piquepoul Blanc B
Dona Branca,W,Portugal,RHV,1997,2023,296,204,-26.2,2010-2023,Spain,Portugal,,
Cardinal,R,United States,RHV,1975,2023,3870,1660,4.2,2010-2023,Moldova,Argentina,Morocco,Cardenal; Kardinal Crveni
Xynisteri,W,Cyprus,RHV,1964,2023,2742,1946,-6.4,2010-2023,Cyprus,Slovenia,,Cipro
Yan 73,R,China,VIVC,1920,2023,,4800,,,China,,,
Savagnin Blanc,W,France,RHV,1920,2023+2016,441,1529,49.8,2010-2023,France,Croatia,Austria,Savagnin; Savagnin Blanc/Heida; Savignin Blanc; Savignon Blanc; Traminac Bijeli; Traminec; Traminec Bel
Regent,R,Germany,RHV,1901,2023+2016,340,1980,-19.1,2010-2023,Germany,Poland,Switzerland,Regent (R)
Merseguera,W,Spain,RHV,1871,2023,7460,2373,-52.6,2010-2023,Spain,,,"Merseguera, Exquitsagos, Sumoll Blanco, Verdosilla"
Negramoll,R,Spain,RHV,1838,2023,3557,3007,-42.5,2010-2023,Peru,Spain,Portugal,Molar; Mollar; Mollar Cano; Mulata; Negra Criolla; Negra Mole; Rabo de Ovelha Tinto; Saborinho; Tinta Madeira; Tinta Molle; Tinta Negra; Tinta Porto Santo; Tinta de Porto Santo
Moschofilero,G,Greece,RHV,1824,2023,718,1088,64.1,2010-2023,Greece,Cyprus,,Fileri; Fileri (O); Moschofilero (O); Moschofilero Ii
Plavac Mali,R,Croatia,RHV,1775,2023,6539,1714,6.0,2010-2016,Croatia,North Macedonia,,Plavac Mali Crni; Plavec Mali; Plavecmal
Antao Vaz,W,Portugal,RHV,1768,2023,376,1768,41.3,2010-2023,Portugal,,,
Monica Nera,R,Italy,RHV,1759,2023,2835,1203,25.3,2010-2023,Italy,,,Monica nera (R)
Rabigato,W,Portugal,RHV,1739,2023,1133,1969,36.6,2010-2023,Portugal,,,Rabigato Franco
Scheurebe,W,Germany,RHV,1732,2023,4184,1625,-15.2,2010-2023,Germany,Austria,Switzerland,Scheurebe (Sämling 88); Scheurebe (W)
Superior Seedless,W,United States,other,1699,2023,6,9,0.0,2010-2023,Argentina,Peru,,
Verdelho,W,Portugal,RHV,1681,2023+2016,1640,1564,-19.9,2010-2023,Australia,Portugal,South Africa,
Azal,W,Portugal,RHV,1633,2023,3302,1443,52.3,2010-2023,Portugal,,,Azal Branco
Mavrouda,R,Greece,RHV,1617,2023,349,1658,210.9,2010-2023,Greece,,,Mavroudi; Mavroudi (R)
Kadarka,R,Hungary,RHV,1615,2023,2630,1625,29.9,2010-2023,Bulgaria,Hungary,Albania,Bela Skadarka; Cadarcă; Gamza; Kadarka Kek; Kadarka kek (R); Kallmet (also Kardarka) 
Fiesta,W,United States,VIVC,1608,2023,161,230,25.0,2010-2023,Argentina,Mexico,,
Öküzgözü,R,Turkey,RHV,1601,2023,1033,1601,8.3,2010-2023,Turkiye,,,Okuzgozu
Muscadelle,W,France,RHV,1600,2023+2016,2207,1530,-2.3,2010-2023,France,Australia,Romania,Muscadelle (Tokay); Muscadelle B
Nero di Troia,R,Italy,RHV,1586,2023,1765,2512,-38.3,2010-2023,Italy,,,Uva Di Troia; Uva di Troia (R)
Mauzac Blanc,W,France,RHV,1530,2023,3310,1526,-20.9,2010-2023,France,,,Mauzac; Mauzac B
Mammolo,R,Italy,RHV,1523,2023+2016,777,911,89.6,2010-2023,France,Italy,,Sciaccarello; Sciaccarello N
Marsanne,W,France,RHV,1519,2023+2016,1512,1834,-15.2,2010-2023,France,Australia,Italy,Marsanne B; Marsanne Blanche; Marsanne Blanche / Ermitage; Marsanne Blanche/Ermitage
Antão Vaz,W,Portugal,RHV,1496,2023,,,,,Portugal,,,
Moscato Giallo,W,Italy,RHV,1496,2023+2016,542,1540,-7.0,2010-2023,Italy,Brazil,Croatia,Moscatel Amarilla; Moscatel Amarillo; Moscato Gaillo; Moscato Giallo/Moscatel del Trentino; Moscato giallo (W); Muskat Zuti
Trousseau,R,France,RHV,1486,2023+2016,2223,1262,-57.0,2010-2023,Portugal,Spain,France,"Bastarda; Bastardo; Bastardo / Graciosa; Bastardo Do Castello; Bastardo Negro, Baboso Negro; Bastardo Roxo; Bastardo Tinto; Maturana Tinta; Merenzao; Merenzao, María Ordoña; Tinta; Tinta Lisboa; Trousseau Gris; Trousseau Noir; Verdejo Negro"
Lambrusco di Sorbara,R,Italy,RHV,1469,2023,1409,858,-8.5,2010-2023,Italy,,,Lambrusco di Sorbara (R)
Cococciola,W,Italy,RHV,1467,2023,887,1671,49.3,2010-2023,Italy,,,Cococciola (W)
Listán De Huelva,W,Spain,RHV,1467,2023,,,,,Spain,,,Listán Blanco De Canarias
Ciliegiolo,R,Italy,RHV,1466,2023,2527,897,-19.9,2010-2023,Italy,Chile,,Ciliegiolo (R)
Muscat Blanc à Petits Grains (R),W,Greece,RHV,1465,2023+2016,794,1432,-3.0,2010-2023,France,South Africa,Australia,"Moscatel Galego Roxo; Moscatel Galego Tinto; Muscadel (red); Muscadel Red; Muscat A Petit Grains Rouge/Rose (Frontignac); Muscat A Petits Grains Noirs; Muscat A Petits Grains Roses; Muscat A Petits Grains Rouge; Muscat Rose; Muscat Violet; Muskateller, Roter"
Torrontés Sanjuanino,W,Argentina,RHV,1452,2023,3170,3656,-42.6,2010-2023,Argentina,Chile,,Moscatel Austria; Moscatel De Austria; Torrontes Sanjuanino
Prosecco Lungo,W,Italy,RHV,1450,2016,,1450,6.1,2010-2016,Italy,,,
Boğazkere,R,Turkey,RHV,1436,2023,773,1436,29.8,2010-2023,Turkiye,,,Bogazkere
Trepat,R,Spain,RHV,1430,2023,1763,1199,5.3,2010-2023,Spain,,,"Bonicaire; Bonicaire, Embolicaire; Parrel Verdal; Trepat,T,"
Listán Negro,R,Spain,VIVC,1427,2023,,,,,Spain,,,"Listán Negro, Almuñeco"
Juan García,R,Spain,RHV,1419,2023,2077,1545,-16.9,2010-2023,Portugal,Spain,,"Gorda; Juan Garcia; Juan García, Mouratón; Mouraton; Tinta Gorda"
Marzemino,R,Italy,RHV,1400,2023,994,785,28.4,2010-2023,Italy,New Zealand,Switzerland,Marzemina; Marzemina Grossa; Marzemino (R)
Malvasia di Candia Aromatica,W,Italy,RHV,1387,2023,1754,1208,2.7,2010-2023,Italy,Spain,Cyprus,"Malvasia Aromatica; Malvasia di Candia aromatica (W); Malvasía Aromática, Malvasía De Banyalbufar, Malvasía De Sitges; Malvazija Aromatična"
Verdoncho,W,Spain,RHV,1377,2023,3092,,-35.2,2010-2023,Spain,,,
Nuragus,W,Italy,RHV,1355,2023,3186,1008,0.7,2010-2023,Italy,,,Nuragus (W)
Shesh i Bardhë,W,Albania,VIVC,1352,2023,,,,,Albania,,,Shesh i Bardhë (White Shesh)
Fer,R,France,RHV,1346,2023,1626,1685,-27.4,2010-2023,France,Argentina,,Fer N
Hárslevelű,W,Hungary,RHV,1329,2023+2016,1012,1617,-20.9,2010-2023,Hungary,South Africa,Croatia,Feuille de Tilleul; Harslevelu; Harslevelu (W); Komoštrica; Lipolist; Lipovina
Refosco,R,Italy,RHV,1316,2023,,1341,,,Slovenia,Croatia,Brazil,Refosk; Refošk
Garnacha Roja (Gris),G,Spain,RHV,1303,2023+2016,2761,1462,-31.0,2010-2023,France,Spain,Greece,"Garnacha Roja; Garnacha Roja, Garnacha Gris; Garnacha Rose; Grenache Gris; Grenache Gris G; Grenache Rose"
Vernaccia di San Gimignano,W,Italy,RHV,1301,2023,854,884,149.2,2010-2023,Italy,,,Bervedino; Vernaccia di San Gimignano (W)
Kotsifali,R,Greece,RHV,1296,2023,1148,1338,-44.4,2010-2023,Greece,,,Kotsifali (R)
Arizul,W,Argentina,VIVC,1294,2023,,,,,Argentina,,,
Alfrocheiro,R,Portugal,RHV,1270,2023,523,1216,7.0,2010-2023,Portugal,Spain,Poland,"Alfrocheiro / Tinta Bastardinha; Bastarda Negra; Bastardo Negro; Bruñal; Bruñal, Albarín Tinto, Baboso Tinto, T; Tinta Bastardinha"
Arneis,W,Italy,RHV,1270,2023,738,1167,12.7,2010-2023,Italy,Australia,New Zealand,Arneis (W)
Mavrud,R,Bulgaria,RHV,1266,2023,647,1193,-2.3,2010-2023,Bulgaria,,,Mavrud (R)
Terrano,R,Italy,RHV,1257,2023+2016,1461,209,-35.0,2010-2023,North Macedonia,Croatia,Italy,Teran; Terrane
Viosinho,W,Portugal,RHV,1256,2023,17,916,457.7,2010-2023,Portugal,,,
Bical,W,Portugal,RHV,1233,2023,912,1076,33.4,2010-2023,Portugal,,,Bical / Borrado Das Moscas
Muscat,W,Greece,RHV,1227,2023,,744,,,Brazil,Armenia,Canada,Moscatello; Moscato; Muscat (White); Muscat Varieties; Muscat/Muskateller
Teroldego,R,Italy,RHV,1223,2023,682,771,45.5,2010-2023,Italy,Brazil,United States,Teroldego (R); Terolldego
Brachetto del Piemonte,R,Italy,RHV,1212,2023,1534,1692,-17.0,2010-2023,Italy,,,Brachetto; Brachetto (R)
Shiroka Melnishka,R,Bulgaria,RHV,1205,2016,3804,1205,-23.7,2010-2016,Bulgaria,,,Melnik; Shiroka Melnishka Loza
Muscat Bailey A,R,Japan,RHV,1197,2023,1372,1821,-14.7,2010-2023,"Korea, Rep.",Japan,,Muscat Bailey
Malvasia Nera di Brindisi,R,Italy,RHV,1189,2023,3174,1264,-9.7,2010-2023,Italy,Spain,Croatia,Malvasia Negra; Malvasia Nera; Malvasia Nera di Lecce; Malvasia nera (R); Malvasia nera di Brindisi (R)
Siroka Melniska,R,Bulgaria,RHV,1184,2023,,,,,Bulgaria,,,Siroka melniska (R)
Aramon Noir,R,France,RHV,1182,2023,9157,1181,-54.6,2010-2023,France,Portugal,Chile,Amor-Nao-Me-Deixes; Aramon
Malvasia Preta,R,Portugal,RHV,1172,2023,2210,1933,-38.4,2010-2023,Portugal,,,Moreto; Pinheira Roxa
Kodryanka,R,Moldova,VIVC,1156,2023,,1143,,,Moldova,Serbia,Croatia,Black Magic; BlackMagic; Codreanca
Romeiko,R,Greece,RHV,1141,2023,382,1131,-28.6,2010-2023,Greece,,,Romeiko (R)
Corvinone,R,Italy,RHV,1140,2023+2016,88,1140,22.6,2010-2016,Italy,Argentina,,
Damaschino,W,Italy,RHV,1139,2023+2016,3187,1622,-44.2,2010-2023,Portugal,Argentina,Spain,Alicante Branco; Planta Fina; Valenci
Pardillo,W,Spain,RHV,1133,2023,7272,3283,-74.0,2010-2023,Spain,,,"Marisancho; Pardillo, Marisancho"
Piedirosso,R,Italy,RHV,1123,2023,896,593,60.7,2010-2023,Italy,,,Piedirosso (R)
Tinto Velasco,R,Spain,RHV,1122,2023,7998,5369,-85.7,2010-2023,Spain,,,"Tinto Velasco, Frasco; Tinto de la Pampa Blanca"
Sagrantino,R,Italy,RHV,1117,2023,351,1004,10.4,2010-2023,Italy,United States,Australia,Sagrantino (R)
Mtsvane Kakhuri,W,Georgia,RHV,1117,2023,249,319,249.4,2010-2023,Georgia,New Zealand,,Mtsvane; Mtsvivani Kakhuri
Citronny Magaracha,W,Ukraine,VIVC,1085,2023,,,,,Russia,,,Tsitronny Magaracha
Fokiano,R,Greece,RHV,1071,2023,162,212,308.2,2010-2023,Greece,,,Fokiano (R)
Refosco dal Peduncolo Rosso,R,Italy,RHV,1063,2023+2016,711,1272,-1.7,2010-2023,Italy,Greece,,Refosco dal peduncolo rosso (R)
Albana,W,Italy,RHV,1038,2023,2487,782,-32.0,2010-2023,Italy,Croatia,France,Albana (W); Albana Bijela
Moscato Embrapa,W,Brazil,VIVC,1024,2023,,683,18.8,2010-2023,Brazil,,,
Códega Do Larinho,W,Portugal,VIVC,991,2023,,,,,Portugal,,,
Malvasia de Lanzarote,W,Spain,RHV,982,2023,,,,,Spain,,,Malvasía Volcánica
Malvasia del Lazio,W,Italy,RHV,976,2023,2366,680,65.3,2010-2023,Italy,,,Malvasia del Lazio (W)
Bombino Bianco,W,Italy,RHV,972,2023,2903,1147,-21.6,2010-2023,Italy,Argentina,Serbia,Bombino bianco; Palaruša
Alphonse Lavallée,R,France,RHV,971,2023,15,634,-26.5,2010-2023,France,Argentina,Peru,A. Lavallee (Ribier); Alfonso Lavalle; Alphonse Lavalle; Alphonse Lavallee
Elbling,W,Germany,RHV,968,2023+2016,1207,972,-38.9,2010-2023,Germany,United States,Luxembourg,"Burger; Elbling Weisser; Elbling, Weißer"
Garnacha Peluda,R,Spain,RHV,955,2023,2024,898,-20.8,2010-2023,Spain,France,,Lledoner Pelut
Violeta,R,Brazil,VIVC,954,2023,,636,876.4,2010-2023,Brazil,,,BRS Violeta
Baco Blanc,W,France,RHV,920,2023,2137,528,24.3,2010-2023,France,United States,,Baco Blanc B
Folle Blanche,W,France,RHV,907,2023,2647,1574,-49.8,2010-2023,France,Spain,Uruguay,Folha de Figueira; Folie Blanc; Folle Bijeli; Folle Blanche B
Albillo Mayor,W,Spain,RHV,904,2023,5,1152,-31.5,2010-2023,Spain,Peru,Chile,"Abillo Mayor; Albilla; Albilla Do Avia, B; Albillo; Albillo Criollo; Albillo Dorado, B; Albillo Mayor, Turruntés"
Razaki,W,Lebanon,VIVC,902,2023,,,,,Greece,,,Razaki (W)
Blauburger,R,Austria,RHV,896,2023,1886,1223,-35.3,2010-2023,Austria,Hungary,Canada,"Blauberger, Experimental Red Vinifera, Petite Sirah, Pinot Meunier, Sangiovese"
Mandilaria,R,Greece,RHV,887,2023,845,932,0.3,2010-2023,Greece,,,Mandilaria (R)
Magaracha Rannii,R,Ukraine,VIVC,884,2023,,884,,,Moldova,,,Rannii Magaracea
Areni Sev,R,Armenia,VIVC,884,2023,,,,,Armenia,,,Sev Areni
Terret,W,France,RHV,867,2023,2703,872,-37.6,2010-2023,France,,,Terret Blanc; Terret Blanc B
Molinara,R,Italy,RHV,866,2023,1637,609,20.8,2010-2023,Italy,Spain,Argentina,Molinara (R); Molinera
Cora,R,Brazil,VIVC,855,2023,,570,,,Brazil,,,BRS Cora
Freisa,R,Italy,RHV,854,2023,1450,519,-19.0,2010-2023,Italy,Argentina,Switzerland,Freisa (R)
Bayanshira,W,Azerbaijan,RHV,848,2023,451,645,0.0,2010-2023,Kazakhstan,Armenia,,Banants; Bayan-Shirey
Albillo Real,W,Spain,RHV,840,2023,3368,601,-2.4,2010-2023,Spain,,,
Pálava,R,Czechia,VIVC,838,2023,,,,,Czechia,,,
Roditis (R),G,Greece,RHV,828,2016,6945,828,-78.4,2010-2016,Greece,,,Roditis (Red)
Jacquere,W,France,RHV,822,2023,1086,621,-19.0,2010-2023,France,Portugal,Uruguay,Jacquere B
Frappato,R,Italy,RHV,821,2023,784,580,9.1,2010-2023,Italy,,,Frappato Di Vittoria; Frappato di vittoria (R)
Duras,R,France,RHV,817,2023,972,785,-8.5,2010-2023,France,,,Duras N
Generosa,W,Portugal,RHV,807,2023,9,328,657.6,2010-2023,Hungary,Portugal,,Generosa (O)
Çalkarası,R,Turkey,RHV,806,2023,436,806,28.9,2010-2023,Turkiye,,,Calkarasi; Çalkarasi
Raboso Piave,R,Italy,RHV,805,2023,1334,665,3.8,2010-2023,Italy,Argentina,,Raboso; Raboso Piave (R)
Királyleányka,W,Hungary,RHV,799,2023,,784,-6.5,2010-2023,Hungary,,,Kiralyleanyka
Canaiolo Nero,R,Italy,RHV,799,2023,2418,1031,-25.2,2010-2023,Italy,,,Canaiolo; Canaiolo Rosa; Canaiolo nero (R)
Narince,W,Turkey,RHV,787,2023,537,787,2.4,2010-2023,Turkiye,,,
Alb de Suruceni,W,Moldova,VIVC,780,2023,,780,,,Moldova,,,
Avesso,W,Portugal,RHV,780,2023,636,699,13.8,2010-2023,Portugal,,,
Busuioacă de Bohotin,G,Romania,RHV,780,2023,,343,191.0,2010-2023,Romania,,,Busuioaca De Bohotin; Busuioacă De Bohotin
Victoria,W,Russia,VIVC,778,2023+2016,145,620,6.6,2010-2023,Moldova,Argentina,Croatia,Viktorija
Tempranillo (W),R,Spain,RHV,774,2023,,110,15380.0,2010-2023,Spain,,,Tempranillo Blanco
Grignolino,R,Italy,RHV,773,2023,1353,911,-15.5,2010-2023,Italy,,,Grignolino (R)
Vidal,W,France,RHV,770,2023+2016,611,1936,-90.4,2010-2023,China,United States,Canada,Vid al Blanc; Vidal 256; Vidal Blanc
Tsolikouri,W,Georgia,RHV,768,2023,6161,7903,-90.3,2010-2023,Georgia,,,
Solaris,W,Germany,RHV,767,2023,,138,138.4,2010-2023,Czechia,Sweden,Poland,Solaris (FR 240-75)
Kisi,W,Georgia,RHV,764,2023,20,26,2877.9,2010-2023,Georgia,,,Maghranuli Kisi
Planta Nova,W,Spain,RHV,760,2023,2029,888,-45.5,2010-2023,Spain,Portugal,,"Alvarelhao Branco; Planta Nova, Tardana"
Villard Blanc,W,France,RHV,760,2023+2016,740,743,-5.8,2010-2023,South Africa,France,Hungary,Seyve Villard 12375; Villard blanc
Prokupac,R,Serbia,RHV,759,2023,15180,1361,-98.2,2010-2023,North Macedonia,Serbia,Croatia,Prokupec
Malagousia,W,Greece,RHV,753,2023,23,126,312.8,2010-2023,Greece,,,Malagousia (W); Malagouzia
Nerello Cappuccio,R,Italy,RHV,752,2023,1501,125,48.0,2010-2023,Italy,,,Nerello Cappuccio (R)
Lorena,W,Brazil,VIVC,750,2023,,500,44.4,2010-2023,Brazil,,,BRS Lorena
Verduzzo Friulano,W,Italy,RHV,744,2023,1598,689,-8.6,2010-2023,Italy,Croatia,Argentina,Verduzzo; Verduzzo friulano (W)
Baco Noir,R,France,RHV,742,2023,397,735,56.0,2010-2023,Canada,United States,France,"Baca Noir; Baco; Baco Noir, Chambourcin, etc."
Hondarribi Zuri,W,France,RHV,739,2023,,624,,,Spain,,,"Hondarrabi Zuri, Ondarrabi Zuri"
Encruzado,W,Portugal,RHV,737,2023,291,132,161.4,2010-2023,Portugal,,,
Trebbiano Giallo,W,Italy,RHV,733,2023,3984,2275,-93.1,2010-2023,Italy,,,Trebbiano giallo (W)
Megrabuir,R,Armenia,RHV,732,2023,,,,,Armenia,,,Meghrabuyr
Seibel,R,France,VIVC,719,2023,1969,482,21.7,2010-2023,Brazil,Switzerland,New Zealand,Seibel 2 (seibeleto)
Couderc 13,W,France,RHV,711,2023,,474,,,Brazil,,,
Kalecik Karası,R,Turkey,RHV,704,2023,601,704,-18.1,2010-2023,Turkiye,,,Kalecik Karasi
Dimrit,R,Turkey,RHV,704,2023,602,704,-18.3,2010-2023,Turkiye,,,
Niagara Red,R,Brazil,VIVC,703,2023,,469,,,Brazil,,,Niagara Rosada
Schiava Lombarda,R,Italy,RHV,701,2016,,701,,,Italy,,,Erbanno
Žametovka,R,Slovenia,RHV,687,2023,,822,-19.4,2010-2023,Slovenia,Serbia,Croatia,Kavcina Crna; Kavčina Crna; Zametovka
Muscat Yantarnyi,W,Moldova,VIVC,683,2023,,683,,,Moldova,,,Muscat iantarnîi
Grand Noir,R,France,RHV,681,2023+2016,949,706,-28.9,2010-2023,Spain,Portugal,South Africa,Gran Negro; Grand Noir de la Calmette
Verduzzo Trevigiano,W,Italy,RHV,679,2023,1657,531,-4.7,2010-2023,Italy,Slovenia,,Verduc; Verduzzo trevigiano (W)
Ortrugo,W,Italy,RHV,677,2023,485,709,10.8,2010-2023,Italy,,,Ortrugo (W)
Zenit,W,Hungary,RHV,656,2023+2016,405,660,13.6,2010-2023,Hungary,Russia,,Zenit (W); Zenith
Len de l'El,W,France,RHV,647,2023,734,603,2.8,2010-2023,France,,,Len De L'El B
Beibinghong,R,China,VIVC,640,2023,,1600,,,China,,,
Gibi,W,Spain,RHV,639,2023,1227,784,-40.5,2010-2023,Argentina,,,
Lagrein,R,Italy,RHV,637,2023+2016,471,241,-5.6,2010-2023,Italy,Australia,New Zealand,Lagrein (R)
Verdeca,W,Italy,RHV,623,2023+2016,2208,913,-21.7,2010-2023,Italy,Greece,,Lagorthi; Verdeca (W)
Manzoni Bianco,W,Italy,RHV,623,2023,8290,339,59.9,2010-2023,Italy,Croatia,,Manzoni bianco (W)
Lambrusco Marani,R,Italy,RHV,617,2023,2280,1074,-55.7,2010-2023,Italy,,,Lambrusco Marani (R)
Biancame,W,Italy,RHV,602,2023,1330,1336,-76.8,2010-2023,Italy,Poland,,Biancame (W)
Grasă de Cotnari,W,Romania,RHV,599,2023+2016,850,632,-14.5,2010-2023,Romania,Hungary,South Africa,Grasa de Cotnari; Grasade Cotnari; Grasă De Cotnari; Koverszolo; Kövérszőlő
Neuburger,W,Austria,RHV,590,2023,2528,578,-47.2,2010-2023,Austria,Czechia,Romania,Neuburger (W); Neuburske; Neuburské
Aurore,W,France,RHV,577,2023,299,255,112.9,2010-2023,United States,Argentina,Poland,Aurora; Aurora Inta; Aurora/Aurore
Athiri,W,Greece,RHV,572,2023,1350,577,-23.5,2010-2023,Greece,,,Athiri Aspro; Athiri aspro (W)
Vilana,W,Greece,RHV,568,2023,506,650,-1.9,2010-2023,Greece,,,Vilana (W)
Montonico Bianco,W,Italy,RHV,567,2016,656,567,-22.8,2010-2016,Italy,,,
Rabo de Ovelha,W,Portugal,RHV,563,2023,2330,563,-38.0,2010-2023,Portugal,,,
Symphony,W,United States,RHV,563,2023+2016,184,647,73.5,2010-2023,United States,South Africa,,
Diagalves,W,Portugal,RHV,561,2023,1088,1090,-51.5,2010-2023,Portugal,,,
Kunleány,W,Hungary,RHV,560,2023,1376,974,-53.8,2010-2023,Hungary,Serbia,,Kunleany; Kunleany (W)
Viorika,W,Moldova,VIVC,558,2023+2016,40,558,526.9,2010-2023,Russia,Moldova,,Viorica
Zalagyöngye,W,Hungary,RHV,553,2023,4330,1259,-72.2,2010-2023,Hungary,Russia,Denmark,Perle von Zala; Zala Dende; Zala Gyoengye; Zala Gyöngye; Zala gyoengye (W); Zalagyongye
Župljanka,W,Serbia,RHV,542,2023+2016,,505,9.2,2010-2023,North Macedonia,Serbia,Croatia,Zupjanka; Zupljanka
Petit Manseng,W,France,RHV,541,2023+2016,613,1299,-54.3,2010-2023,France,United States,Argentina,Manseng Petit Blanc; Petit Manseng B
Uva Longanesi,R,Italy,RHV,539,2016,,539,5.1,2010-2016,Italy,,,
Aubun,R,France,RHV,538,2023,1411,537,-2.9,2010-2023,France,Portugal,Uruguay,Corvo
Arinarnoa,R,France,RHV,537,2023,150,486,27.5,2010-2023,Canada,France,Uruguay,"Merlot, Petit Verdot"
Mavrodafni,R,Greece,RHV,535,2023,537,324,55.2,2010-2023,Greece,,,Mavrodaphni (R)
Blauer Wildbacher,R,Austria,RHV,532,2023+2016,936,437,44.9,2010-2023,Austria,Italy,,Wildbacher
Ortega,W,Germany,RHV,531,2023+2016,1053,535,-22.5,2010-2023,Germany,United Kingdom,Canada,
Delaware,G,United States,RHV,529,2023,234,421,133.2,2010-2023,Japan,"Korea, Rep.",United States,
Sauvignon Blanc (G),W,France,RHV,528,2023,76,1079,-38.2,2010-2023,France,Chile,New Zealand,SAUVIGNIER_GRIS; Sauvignon Gris; Sauvignon Gris - Sauvignon Rose; Sauvignon Gris G; Sauvignon Grís; Sauvignon Rose
Borraçal,R,Portugal,RHV,526,2023,2654,512,-23.0,2010-2023,Spain,Portugal,,Borracal; Caino Tinto; Caíño Tinto
Torrontes Mendocino,W,Argentina,RHV,520,2023,780,653,-21.3,2010-2023,Argentina,,,Torrontés Mendocino
Seara Nova,W,Portugal,RHV,517,2023,1213,471,-24.2,2010-2023,Portugal,,,
Carrega Branco,W,Portugal,RHV,512,2023,,512,0.9,2010-2023,Portugal,,,
Plavina,R,Croatia,RHV,509,2023,,683,-20.9,2010-2023,Croatia,,,Brajda Bijela; Brajdica Bijela; Plavina Crna; Plavinacrna
Cornifesto,R,Portugal,RHV,509,2023+2016,259,509,1.9,2010-2023,Portugal,South Africa,,
Carmem,R,Brazil,VIVC,500,2023,,328,,,Brazil,Serbia,,BRS Carmen
Koshu,G,Japan,RHV,498,2023,118,690,195.7,2010-2023,Japan,,,
Gamaret,R,Switzerland,RHV,491,2023+2016,71,441,20.7,2010-2023,Switzerland,France,Uruguay,Gamaret N
Onitskanskii Belyi,W,Moldova,VIVC,490,2023+2016,5,490,8374.8,2010-2023,Moldova,Russia,,Alb de Onitcani; Onitcani
Acolon,R,Germany,RHV,486,2023,,477,-3.4,2010-2023,Germany,Belgium,Netherlands,
Levokumskij,R,Russia,VIVC,485,2023,,890,-45.5,2010-2023,Russia,,,Levokumsky
Dunavski Lazur,W,Bulgaria,VIVC,483,2016,,483,0.0,2010-2016,Russia,,,
Durella,W,Italy,RHV,480,2016,599,480,2.3,2010-2016,Italy,,,
Béquignol Noir,R,France,RHV,477,2023,1083,616,-46.4,2010-2023,Argentina,France,,Bequignol; Bequignol Noir
Hibernal,W,Germany,RHV,476,2023,,20,,,Czechia,Poland,Moldova,
Fortana,R,Italy,RHV,469,2016,1252,469,-26.9,2010-2016,Italy,,,Canina Nera
Huxelrebe,W,Germany,RHV,466,2023+2016,1291,466,-24.6,2010-2023,Germany,United Kingdom,,
Tibouren,R,France,RHV,465,2023,457,432,5.1,2010-2023,France,,,Tibouren N
Kövidinka,G,Hungary,RHV,465,2023+2016,1214,658,-56.8,2010-2023,Hungary,Croatia,Romania,Dinka Crvena; Koevidinka; Koevidinka (W); Kovidinka; Ruzica Crvena; Ružicacrvena; Vörös Dinka; Vörös dinka
Muskat Moravsky,W,Czech Rep.,RHV,463,2023,,,31.7,2010-2023,Czechia,Poland,,Muskat Morawski; Muškát Moravský
Espadeiro,R,Portugal,VIVC,460,2023,1682,357,-1.8,2010-2023,Portugal,Spain,,"Espadeiro, Torneiro"
Rubin Golodrigi,R,Ukraine,RHV,458,2023,,82,458.3,2010-2023,Russia,,,Ruby of Golodryga
Vital,W,Portugal,RHV,457,2023,2246,659,-61.3,2010-2023,Portugal,,,
Codega de Larinho,W,Portugal,RHV,455,2023,4058,455,-27.6,2010-2023,Portugal,,,Codega do Larinho
Leányka,W,Hungary,RHV,454,2023,,719,-45.8,2010-2023,Hungary,,,Leanyka
Chenanson,R,France,RHV,451,2023,636,451,-3.2,2010-2023,France,,,
Cesanese,R,Italy,RHV,446,2023+2016,1024,446,-34.4,2010-2016,Italy,Chile,,Cesanese Comune; Cesanese d'Affile; Cesanesse
Morio-Muskat,W,Germany,RHV,440,2023+2016,1165,440,-25.7,2010-2023,Germany,South Africa,Croatia,Morio Muscat; Muscat Morio
Salvador,R,France,RHV,438,2023,572,351,24.9,2010-2023,Mexico,Spain,,
Riton,W,Moldova,VIVC,434,2023,2,568,68.8,2010-2023,Moldova,Russia,,
Nouvelle,W,South Africa,RHV,428,2016,,428,,,South Africa,,,
Stanušina Crna,R,North Macedonia,RHV,423,2023,,400,,,North Macedonia,,,Stanushina; Stanušina
Counoise,R,France,RHV,418,2023+2016,638,418,-2.9,2010-2023,France,United States,,
Manto Negro,R,Spain,RHV,413,2023,470,311,51.3,2010-2023,Spain,,,
Patrizia Rosa,G,Brazil,VIVC,412,2023,10,,170.3,2010-2023,Argentina,,,Patricia
Triplett Blanc,W,United States,VIVC,412,2016,,412,68.7,2010-2016,United States,,,
Sukholimansky Bely,W,Ukraine,RHV,405,2023+2016,1631,405,-45.7,2010-2023,Moldova,Russia,,Suholimanski belîi; Suholimanskiy White; Suholimenschii Belii; Sukholimansky
Négrette,R,France,RHV,400,2023,1319,1112,-66.7,2010-2023,France,,,Negrette; Negrette N; Pinot Saint George
Longyan,R,China,RHV,400,2023,,1000,,,China,,,Long Yan
Kuldzhinskii,G,Kazakhstan,VIVC,385,2023,269,385,-0.0,2010-2023,Kazakhstan,,,Kuldzhinskiy
Santarena,R,Portugal,VIVC,378,2023,,724,-48.9,2010-2023,Portugal,,,Santareno
Frühroter Veltliner,R,Austria,RHV,377,2023,1258,388,-43.0,2010-2023,Austria,Czechia,France,"Fruhroter Veltliner; Frühroter Veltliner (Malvasier); Korai Piros Veltelini; Korai Piros Veltelíni; Korai piros veltelíni; Malvasier; Malvasier, Früher Roter; Veltlinske Cervene Rane; Veltlinske Cervene Skore; Veltlínské Červené Rané"
Sheridan,R,United States,VIVC,376,2023,500,500,-25.0,2010-2023,"Korea, Rep.",United States,Poland,Heridan; Seridan
Galbenă de Odobești,W,Romania,RHV,376,2023,546,417,-2.4,2010-2023,Romania,,,Galbena De Odobesti; Galbenade Odobesti; Galbenă De Odobești
Domina,R,Germany,RHV,375,2023+2016,185,375,-7.9,2010-2023,Germany,Hungary,Switzerland,
Pinot Noir Précoce,R,France,RHV,369,2023,80,251,31.9,2010-2023,Germany,United Kingdom,Poland,"Blauer Frühburgunder; Fruhburgunder; Frühburgunder; Frühburgunder, Blauer; Madeleine Noire; Pinot Noir Precoce; Pinot Noir Précoce/Frühburgunder"
Crimposie,W,Romania,VIVC,369,2023,,450,,,Romania,,,Cramposie; Crâmpoșie
Tinto Cão,R,Portugal,RHV,367,2023,556,367,-0.5,2010-2023,Portugal,Switzerland,,Tinta Cao; Tinto Cao
Greco Nero,R,Italy,RHV,366,2023+2016,3229,437,-33.4,2010-2023,Argentina,Italy,,
Norton,R,United States,RHV,366,2023+2016,0,327,12.8,2010-2023,United States,Brazil,Japan,Cynthiana
Bombino Nero,R,Italy,RHV,358,2023,1156,865,-70.2,2010-2023,Italy,,,Bombino nero (R)
Argaman,R,Israel,RHV,358,2023,202,275,76.7,2010-2023,Israel,,,
Forcallat Tinta,R,Spain,RHV,355,2023,2690,535,-69.5,2010-2023,Spain,,,
Cabinda,R,Portugal,VIVC,355,2023,,355,-2.1,2010-2023,Portugal,,,
Krasnostop Zolotovsky,R,Russia,RHV,353,2023,,562,-37.2,2010-2023,Russia,,,Krasnostop Anapsky
Tinta da Barca,R,Portugal,VIVC,352,2023,,352,2.0,2010-2023,Portugal,,,Barca
Pineau d'Aunis,R,France,RHV,347,2023,430,413,-20.6,2010-2023,France,,,Pineau D'Aunis N
Saperavi Severny,R,Russia,RHV,347,2023,25,325,6.8,2010-2023,Russia,,,Saperavi Nothern; Saperavi Severnii
Pošip Bijeli,W,Croatia,VIVC,337,2023,6539,,33.6,2010-2023,Croatia,,,Posip Bijeli; Pošip Crni; Pošip Vrgorski; Pošipica
Villard Noir,R,France,VIVC,337,2023+2016,601,777,-74.5,2010-2023,France,South Africa,,Villard Noir N
Aleksandrouli,R,Georgia,RHV,336,2023,219,281,19.6,2010-2023,Georgia,,,Alexandrouli
Rojal Tinta,R,Spain,VIVC,335,2023,2845,736,-81.4,2010-2023,Spain,,,
Faberrebe,W,Germany,RHV,331,2023,1585,331,-39.8,2010-2023,Germany,,,Faber
Quebranta,R,Peru,RHV,330,2023,230,330,0.0,2010-2023,Peru,,,
Canada Muscat,W,United States,RHV,327,2023,49,,,,Australia,,,
Falanghina,W,Italy,VIVC,323,2023+2016,1658,323,-89.4,2010-2016,Italy,Chile,,
Șarbă,W,Romania,RHV,320,2023,,266,,,Romania,,,Sarba; Șarba
Muskat Ottonel,W,France,VIVC,318,2023,,,,,Austria,,,
Erbaluce,W,Italy,RHV,316,2016,329,316,-1.2,2010-2016,Italy,,,
Egiodola,R,France,RHV,315,2023,315,285,-9.9,2010-2023,France,Brazil,Uruguay,
Khikhvi,W,Georgia,RHV,314,2023,5,6,4795.5,2010-2023,Georgia,Poland,, Khikhvi
Cabernet Mitos,R,Germany,RHV,312,2023,,312,-3.9,2010-2023,Germany,Switzerland,Hungary,Cabernet mitos
Debit,W,Croatia,RHV,312,2023,,,-22.5,2010-2023,Croatia,,,
Ezerjó,W,Hungary,RHV,311,2023,3157,636,-71.2,2010-2023,Hungary,Slovakia,Serbia,Ezerjo; Ezerjo (W); Ezero
Citronny Magarach,W,Ukraine,RHV,307,2016,,307,0.0,2010-2016,Russia,,,Citronny of Magarach
Camaralet de Lasseube,W,France,RHV,306,2023,691,306,-41.2,2010-2023,Portugal,France,,Camarate
Crouchen,W,France,RHV,305,2023+2016,98,271,-64.7,2010-2023,South Africa,Australia,France,
Arkadia,W,Ukraine,VIVC,303,2023,,303,,,Moldova,Poland,,Nastea
Lairen,W,Spain,RHV,303,2023,298,351,41.6,2010-2023,Spain,,,Malvar
Agronomica,R,Portugal,RHV,299,2023,19,299,-8.5,2010-2023,Portugal,,,
Tamarez,W,Portugal,RHV,298,2023,585,298,-13.0,2010-2023,Portugal,,,
Johanniter,W,Germany,RHV,297,2023,,111,52.6,2010-2023,Germany,Belgium,Poland,
Băbească Neagră (G),R,Romania,RHV,296,2023,,297,-9.8,2010-2023,Romania,,,Babeasca Gri; Babeasca Gris; Băbească Gri; Băbească Gris
Iordan,W,Romania,VIVC,296,2023,,311,,,Romania,,,Iordană
Altesse,W,France,RHV,295,2023,294,227,-19.9,2010-2023,France,Switzerland,Cyprus,Altesse B
Raboso Veronese,R,Italy,RHV,295,2016,307,295,6.7,2010-2016,Italy,,,
Concord Clone 30,R,Brazil,VIVC,294,2023,,196,,,Brazil,,,
Perruno,W,Spain,RHV,293,2023,2831,745,-80.6,2010-2023,Spain,,,Royal
Brandam,W,Portugal,VIVC,291,2023,,291,-6.5,2010-2023,Portugal,,,
Cabernet Dorsa,R,Germany,RHV,290,2023,43,272,8.1,2010-2023,Germany,Switzerland,Belgium,Cabernet dorsa
Vidvizhenets,W,Russia,VIVC,289,2023,,271,6.8,2010-2023,Russia,,,
Pascale,R,Italy,RHV,289,2023+2016,1573,289,-22.9,2010-2016,Italy,France,,Nieddu Mannu
Mustoasă de Măderat,W,Romania,RHV,288,2023,,282,13.1,2010-2023,Romania,,,Mustoasa de Maderat; Mustoasa de Măderat; Mustoasade Măderat; Mustoasă De Măderat
Dunkelfelder,R,Germany,RHV,287,2023,281,291,-18.9,2010-2023,Germany,Switzerland,Canada,
Trebbiano Modenese,W,Italy,RHV,287,2016,583,287,-20.7,2010-2016,Italy,,,
Mondeuse Noire,R,France,RHV,285,2023+2016,1404,282,-5.4,2010-2023,France,Switzerland,Japan,Mondebrier; Mondeuse; Mondeuse Rouge
Rösler,R,Austria,RHV,282,2023,,217,74.6,2010-2023,Austria,Poland,Hungary,Roesler
Frâncușă,W,Romania,VIVC,277,2023,,365,-55.3,2010-2023,Romania,,,Francusa
Babić,R,Croatia,RHV,275,2023,1189,,-23.4,2010-2023,Croatia,,,Babic
Afus Ali,W,Lebanon,RHV,274,2023+2016,1837,211,-4.5,2010-2023,Serbia,France,Argentina,Afuz Ali; Afuz-Ali; Dattier De Beyrouth; Karaburnu; Regina; Roseti; Waltham Cross
Rúbea,R,Brazil,VIVC,272,2023,,181,234.0,2010-2023,Brazil,,,
Parraleta,R,Spain,RHV,271,2023+2016,167,211,-23.1,2010-2023,Portugal,Italy,Spain,Bonvedro; Caricagiola; Pau Ferro; Tinta Caiada; Tinta Lameira
Casculho,R,Portugal,RHV,269,2023,,269,0.8,2010-2023,Portugal,,,
Roobernet,R,South Africa,VIVC,269,2016,,269,,,South Africa,,,
Arvine,W,Switzerland,RHV,268,2023+2016,61,192,64.9,2010-2023,Switzerland,Italy,United States,Arvine (Petite); Arvine Petite; Petite Arvine
Tinta Carvalha,R,Portugal,RHV,266,2023,1920,1113,-79.7,2010-2023,Portugal,,,
Prensal,W,Spain,RHV,263,2023,114,129,150.5,2010-2023,Spain,,,"Moll; Moll, Pensal Blanca, Prensal; Pensal Blanco"
Lacrima Christi,R,Italy,VIVC,262,2023,,226,206.6,2010-2023,Chile,,,
Cerceal Branco,W,Portugal,RHV,261,2023,597,261,-31.2,2010-2023,Portugal,,,Cercial
Gamay Teinturier de Bouze,R,France,RHV,261,2023,318,255,-5.0,2010-2023,France,Croatia,Canada,Gamay De Teinturier Bouze; Gamay Teinturier; Gamay de Bouze; Gammay de Bouze
Chambourcin,R,France,RHV,259,2023+2016,257,926,-77.5,2010-2023,France,United States,South Africa,Chambourcin N
Sumoll,R,Spain,RHV,257,2023,1401,16,209.6,2010-2023,Spain,,,Sumoll Tinto; Vijariego Negro; Vijiriego Negro
Portan,R,France,RHV,256,2023,368,256,-3.3,2010-2023,France,,,
Tsitska,W,Georgia,RHV,253,2023,2839,3642,-93.1,2010-2023,Georgia,,,
Lacrima di Morro d'Alba,R,Italy,RHV,252,2016,652,252,-40.1,2010-2016,Italy,,,Lacrima
Gargiulo 102011,R,Argentina,VIVC,250,2023,,,,,Argentina,,,
Vernaccia di Oristano,W,Italy,RHV,246,2016,565,246,-9.6,2010-2016,Italy,,,Vernaccia
Giro Nero,R,Italy,VIVC,238,2023+2016,537,144,-31.8,2010-2016,Italy,Spain,,"Giro; Giró Negre, T; Giró Ros"
Schiava,R,Italy,RHV,236,2016,1231,236,-54.3,2010-2016,Italy,,,
Torrontés,W,Argentina,RHV,235,2023,,,,,Spain,,,
Garanoir,R,Switzerland,RHV,234,2023+2016,76,229,12.6,2010-2023,Switzerland,Italy,Belgium,Granoir
Plantet,R,France,RHV,233,2023,209,420,-78.2,2010-2023,France,New Zealand,Switzerland,Plantet N
Souvignier Gris,G,Germany,VIVC,229,2023,,3,,,Austria,Poland,Switzerland,Souvignier Gris (FR 392-83)
Kodrinskii,R,Moldova,VIVC,229,2023,5,229,4474.9,2010-2023,Moldova,,,Codrinski
Doina,R,Moldova,RHV,227,2016,,227,0.0,2010-2016,Russia,,,
Callet,R,Spain,RHV,224,2023,151,138,45.5,2010-2023,Spain,,,
Karmrahyut,R,Armenia,VIVC,223,2023,,,,,Armenia,,,
Vijariego,W,Spain,RHV,223,2023,510,369,-21.8,2010-2023,Spain,,,"Diego; Vijariego Blanco, Bigiriego, Diego; Vijiriego"
Žilavka,W,Bosnia and Herzegovina,RHV,221,2023,,185,,,North Macedonia,Croatia,Serbia,Zilavka
Malbo Gentile,R,Italy,RHV,219,2016,106,219,3.8,2010-2016,Italy,,,
Muscaris,W,Germany,VIVC,216,2023,,7,,,Austria,Poland,Belgium,Muscaris (FR 493-87)
Prezentabil,W,Moldova,VIVC,215,2023,,215,,,Moldova,,,
Abrusco,R,Italy,RHV,213,2016,399,213,-49.5,2010-2016,Italy,,,Colorino
Emerald Riesling,W,United States,RHV,212,2023+2016,597,177,-58.4,2010-2023,Israel,South Africa,United States,
Bouvier,W,Slovenia,RHV,208,2023,730,224,-15.2,2010-2023,Austria,Hungary,Croatia,Bouvierovo Hrozno
Pölöskei Muskotály,W,Hungary,VIVC,204,2023,,207,17.8,2010-2023,Hungary,Moldova,Brazil,Muscat Poloskey; Poeloeske Muskotaly; Poloske; Poloskei Muskotaly; Pölöskei Muskotaly; Pölöskei muskotály
Papazkarası,R,Turkey,RHV,204,2023,122,204,16.6,2010-2023,Turkiye,,,Papazkarasi
Chinuri,W,Georgia,RHV,203,2023,955,1225,-83.4,2010-2023,Georgia,,,
Gargiulo 88087,VIVC,R,,203,2023,,,,,Argentina,,,
Morisca,R,Spain,VIVC,202,2023,,,,,Spain,,,
Roter Veltliner,W,Austria,other,200,2023,515,198,-0.3,2010-2023,Austria,Croatia,Hungary,Piros Veltelini; Piros veltelíni; Red Veltliner; Veltliner Roter
Noah,W,United States,RHV,200,2023,260,200,181.6,2010-2023,Moldova,Switzerland,,Ondarrabi Zuri
Maticha,W,Morocco,VIVC,198,2023,354,257,-36.3,2010-2023,Argentina,,,
Uva Rara,R,Italy,RHV,197,2023+2016,570,197,-57.2,2010-2016,Italy,Poland,,
Albarín Blanco,W,Spain,RHV,196,2023,,48,752.2,2010-2023,Spain,,,"Albarin Blanco; Albarín Blanco, Branco Lexítimo; Branco Lexítimo- B"
Mujuretuli,R,Georgia,RHV,195,2023,,,,,Georgia,Poland,,
Tortosi,W,Spain,VIVC,193,2023,930,325,-61.6,2010-2023,Spain,,,Tortosina; Tortosí
Maréchal Foch,R,France,RHV,192,2023,173,229,-52.7,2010-2023,Canada,United States,Poland,Foch; Foch (Marechal); MARÉCHAL_FOCH; Marechal Foch; Marechel Foch
Tinta de Pegoes,R,Portugal,VIVC,191,2023,,191,-2.1,2010-2023,Portugal,,,Tinto Pegoes
Moristel,R,Spain,RHV,186,2023,,247,26.5,2010-2023,Spain,,,"Juan Ibáñez; Miguel Del Arco; Moristel, Juan Ibáñez, Concejón"
Abouriou,R,France,RHV,186,2023,419,310,-43.5,2010-2023,France,Poland,,Abouriou N
Refosco di Faedis,R,Italy,RHV,185,2016,256,185,-15.1,2010-2016,Italy,,,Refosco Nostrano
Bellone,W,Italy,RHV,184,2016,1315,184,-64.0,2010-2016,Italy,,,
Verdello,W,Italy,RHV,183,2023+2016,662,179,-37.5,2010-2016,Italy,Spain,,
Tsimlyansky Cherny,R,Russia,RHV,182,2023,,451,-59.7,2010-2023,Russia,,,Tsymlansky Black
Bastardo Magarachsky,R,Ukraine,RHV,180,2023,1969,180,-82.7,2010-2023,Moldova,,,Bastardo Magaraceskii; Bastardo Magarachskiy; Bastardo Magareceski
Ribol,R,France,VIVC,179,2023,,141,-3.9,2010-2023,France,Uruguay,Serbia,
Enantio,R,Italy,RHV,178,2016,1062,178,-75.5,2010-2016,Italy,,,Lambrusco a Foglia Frastagliata
Crystal,W,China,RHV,176,2023+2016,1,174,51.4,2010-2023,Russia,Chile,Peru,Cristal
Limnio,R,Greece,RHV,176,2016,95,176,-52.7,2010-2016,Greece,,,
Cabernet Moravia,R,Czech Rep.,RHV,174,2023,,,-18.0,2010-2023,Czechia,,,
Podarok Magaracha,W,Ukraine,RHV,173,2023,148,292,-40.7,2010-2023,Russia,,,Magaracha's Gift; Podarok of Magarach
André,W,Czechia,RHV,171,2023+2016,,5,-36.4,2010-2023,Czechia,Germany,,
Kujundžuša,W,Croatia,RHV,170,2023,,,-17.9,2010-2023,Croatia,Serbia,,Kujundzusa; Kujunđuša
Praca,W,Portugal,VIVC,169,2023,,169,1.8,2010-2023,Portugal,,,
Herbemont,R,United States,RHV,169,2023,1453,112,-78.0,2010-2023,Brazil,Serbia,,
Trbljan,W,Croatia,RHV,168,2023,,,-27.2,2010-2023,Croatia,,,Rukavina; Trbljan Bijeli
Portugieser Rot,R,Austria,RHV,168,2023,,,,,Croatia,,,Portugieser Roter
Catawba,R,United States,RHV,167,2023,635,626,-73.7,2010-2023,United States,Switzerland,,Katawaba
Maratheftiko,R,Cyprus,RHV,166,2023,,159,9.5,2010-2023,Cyprus,,,Maratheutiko
Fintendo,R,Spain,VIVC,166,2023,144,184,40.2,2010-2023,Argentina,,,
Montils,W,France,RHV,165,2023,131,165,0.6,2010-2023,France,,,
Schiava Gentile,R,Italy,RHV,165,2016,1158,165,-76.2,2010-2016,Italy,,,
Viktória Gyöngye,W,Hungary,VIVC,164,2023,,198,-13.6,2010-2023,Hungary,,,Viktoria Gyongye; Viktória gyöngye
Aleatico,R,Italy,RHV,164,2023+2016,458,163,2.0,2010-2023,Italy,France,Serbia,
Rossese,R,Italy,RHV,164,2016,232,164,-47.4,2010-2016,Italy,,,
Preto Martinho,R,Portugal,RHV,163,2023,428,163,-0.5,2010-2023,Portugal,,,Amostrinha
Valbom,R,Portugal,VIVC,162,2023,,162,-2.1,2010-2023,Portugal,,,
Folgasao,,,,162,2023,409,162,-10.7,2010-2023,Portugal,,,
Kraljevina,W,Croatia,RHV,162,2023,,199,-9.4,2010-2023,Slovenia,,,
Rouge du Pays,R,Switzerland,RHV,161,2023,,136,,,Switzerland,,,Cornalin / Landroter; Cornalin/Landroter
Malvasia di Lipari,W,Italy,RHV,159,2023+2016,516,113,-63.5,2010-2023,Italy,Croatia,Portugal,Malvasia Candida; Malvasia De La Palma; Malvasia Dubrovacka Bijela; Malvasia Sitges; Malvasia di Sardegna; MalvasiaDubrovačka; Malvasía Rosada
Arany Sárfehér,W,Hungary,VIVC,157,2023,2914,586,-86.2,2010-2023,Hungary,,,Arany Sarfeher; Arany sárfehér; Izsaki Sarfeher
Turán,R,Hungary,RHV,156,2023,,183,-12.1,2010-2023,Hungary,Canada,United States,Agria; Turan
Stepnyak,W,Russia,VIVC,154,2023,,144,6.8,2010-2023,Russia,,,Stepniak
Cabernet Cortis,R,Germany,RHV,153,2023,,44,,,Poland,Czechia,Germany,
Avarengo,R,Italy,RHV,153,2016,1453,153,-84.5,2010-2016,Italy,,,
Reichensteiner,W,Germany,RHV,152,2023+2016,314,120,-23.8,2010-2023,United Kingdom,Germany,New Zealand,
Robola,W,Greece,RHV,152,2016,359,152,-67.7,2010-2016,Greece,,,Rombola
Black Queen,R,Japan,RHV,151,2023,566,143,-79.3,2010-2023,Taiwan,Japan,Thailand,Black Queen/Pokdum
Cornalin,R,Italy,RHV,151,2023+2016,93,147,-41.8,2010-2023,Switzerland,Italy,,Humagne Rouge
Žlahtina,W,Croatia,RHV,150,2023,,,11.6,2010-2023,Croatia,,,Zlahtina
Serina e Zezë,R,Albania,VIVC,150,2023,,,,,Albania,,,
Pules,W,Albania,RHV,150,2023,,,,,Albania,,,"Pulës or Puls, Pulsi"
Vertzami,R,Greece,RHV,150,2016,491,150,-55.2,2010-2016,Cyprus,Greece,,Lefkada
Menu Pineau,W,France,RHV,149,2023,380,197,-27.5,2010-2023,France,,,Orbois; Orbois B
Akhtanak,R,Armenia,RHV,148,2023,,,,,Armenia,,,Haghtanak
Voskeat,W,Armenia,RHV,147,2023,809,,-81.9,2010-2023,Armenia,,,Voskehat
Amur,R,Moldova,VIVC,147,2023+2016,,146,0.0,2010-2016,Russia,United States,,
Csaba Gyöngye,W,Hungary,RHV,146,2023,,175,-65.0,2010-2023,Moldova,Hungary,Serbia,Csaba Gyoengye; Csaba Gyongye; Csabagyongye; Csabagyöngye; Jemciug csaba; Julski Muškat; Perle of C'saba; Perle of Csaba; Perła Czabańska
Castelino,R,Portugal,RHV,144,2023,,144,-2.1,2010-2023,Portugal,,,
Zengő,W,Hungary,RHV,144,2023,,226,-46.6,2010-2023,Hungary,Canada,,Zengo
Biancu Gentile,W,France,RHV,144,2023,1,5,1535.5,2010-2023,France,,,Biancu Gentile B
Gamay Teinturier de Chaudenay,R,France,RHV,142,2023,267,142,-9.7,2010-2023,France,,,Gamay de Chaudenay
Rondo,R,Germany,RHV,142,2023+2016,,65,72.5,2010-2023,United Kingdom,Poland,Denmark,
Negru de Yaloven,R,Moldova,VIVC,141,2023,15,141,841.9,2010-2023,Moldova,,,Negru de Ialoveni
Juhfark,W,Hungary,RHV,140,2023,,195,-24.6,2010-2023,Hungary,,,
Ranfol,W,Slovenia,RHV,140,2023,,,-13.3,2010-2023,Croatia,Slovenia,,
Plavaie,W,Romania,VIVC,140,2023,,152,,,Romania,,,Plavay; Plăvaie
Moscato Rosa del Trentino,R,Italy,RHV,140,2023+2016,93,39,-41.8,2010-2016,Georgia,Italy,Austria,Moscato Rosa; Moscato Rosado; Muscat (Red); Muskat Ruza Crni; Rosenmuskateller
Terret Noir,R,France,RHV,139,2023,370,139,-3.2,2010-2023,France,,,
Pinella,W,Italy,RHV,139,2023+2016,66,128,-7.5,2010-2016,Slovenia,Italy,,Pinela
Jurançon Noir,R,France,RHV,138,2023,1294,605,-79.1,2010-2023,France,Uruguay,,Jurancon Noir; Jurancon Noir N
Servant,W,France,RHV,138,2023+2016,98,138,-3.2,2010-2023,France,South Africa,,Raisin Blanc
Crâmpoșie Selecționată,W,Romania,RHV,135,2023,,18,-66.9,2010-2023,Romania,,,Cramposie Selectionata; Crâmpoșie Selecționată
Léon Millot,R,France,RHV,134,2023,17,85,-2.1,2010-2023,France,Poland,Canada,Leon Millet; Leon Millot
Planta Fina,W,Spain,VIVC,134,2023,,,,,Spain,,,Planta Fina De Pedralba
Diolinoir,R,Switzerland,RHV,132,2023+2016,31,122,15.7,2010-2023,Switzerland,Italy,,
Muscat Fleur d’Oranger,W,France,RHV,130,2023+2016,36,268,-85.3,2010-2023,Serbia,United States,Canada,Muscat Croquant; Muscat Fleur d'Oranger; Orange Muscat; Orange Muskat
Picolit,W,Italy,RHV,130,2023+2016,93,121,-5.1,2010-2016,Italy,Slovenia,,Pikolit
Yalovenskii Ustoichivyi,W,Moldova,VIVC,129,2023,,129,,,Moldova,,,Ialovenschi ustoicivîi
Ezerfürtű,W,Hungary,RHV,128,2023,405,295,-73.0,2010-2023,Hungary,Romania,Serbia,Ezerfurt; Ezerfurtu
Bourboulenc,W,France,RHV,127,2023+2016,772,501,-78.7,2010-2023,France,South Africa,Argentina,Bourboulenc B
Valdiguié,R,France,RHV,126,2023,79,126,-5.5,2010-2023,France,,,Napa Gamay; Valdiguie
Millot-Foch,R,Switzerland,RHV,126,2023,,126,,,Canada,Switzerland,,Léon Millot x Maréchal Foch; VB 85-1
Goruli Mtsvane,W,Georgia,RHV,126,2023,224,287,-56.2,2010-2023,Georgia,,,
Caíño Blanco,W,Portugal,RHV,125,2023,69,77,-2.4,2010-2023,Spain,Portugal,,Cainho; Cainho de Moreira; Caino Blanco
Moravia Agria,R,Spain,RHV,125,2023,1092,222,-77.3,2010-2023,Spain,,,
Gamay Teinturier Freaux,R,France,RHV,124,2023,132,79,-23.7,2010-2023,Serbia,France,Moldova,Gammay Freaux
Trincadeira das Pratas,W,Portugal,RHV,124,2023,216,124,-48.1,2010-2023,Portugal,,,
Vermentino Nero,R,Italy,RHV,124,2016,143,124,-41.0,2010-2016,Italy,South Africa,,Vermintino Nero
Pamyati Negrulya,R,Moldova,VIVC,123,2023,,123,,,Moldova,,,Pameati Negrulea
Carnelian,R,United States,RHV,123,2016,625,123,-61.0,2010-2016,United States,,,
Timorasso,W,Italy,RHV,123,2016,19,123,-5.2,2010-2016,Italy,,,
Trebbiano Spoletino,W,Italy,RHV,121,2016,242,121,-39.4,2010-2016,Italy,,,
Petit Bouschet,R,France,RHV,120,2023,1,120,-9.8,2010-2023,Spain,Portugal,,Tintinha
Marquette,R,United States,RHV,120,2023,,166,-24.2,2010-2023,United States,Canada,Lithuania,
Asprouda,W,Greece,RHV,120,2016,433,120,6.5,2010-2016,Greece,,,Asproudi
Cayuga White,W,United States,RHV,119,2023,108,217,-45.3,2010-2023,United States,Canada,Poland,Cayuga
Rome,R,Spain,RHV,119,2023,2,172,-59.9,2010-2023,Spain,,,Rome Tinto
Neretta Cuneese,R,Italy,RHV,119,2016,374,119,-9.2,2010-2016,Italy,,,
Petit Courbu,W,France,RHV,118,2023,75,1,15.3,2010-2023,Spain,France,,Petit Courbou Ondarrzurizerrat
Elvira,W,United States,RHV,117,2023,344,231,-54.0,2010-2023,United States,,,
Riesus,W,Ukraine,RHV,115,2016,,115,0.0,2010-2016,Russia,,,
Spergola,W,Italy,RHV,115,2016,,115,4.3,2010-2016,Italy,,,
Bonamico,R,Italy,RHV,114,2023+2016,336,149,-50.8,2010-2023,Argentina,Italy,,Buonamico
Coarnă Neagră,R,Moldova,RHV,114,2023+2016,,114,,,Romania,Moldova,,Coarna Neagra
Barbera Bianca,W,Italy,RHV,114,2016,251,114,-36.8,2010-2016,Italy,,,
Rotgipfler,W,Austria,RHV,113,2023,237,123,7.5,2010-2023,Austria,,,
Moschomavro,R,Greece,RHV,113,2016,2295,113,-92.1,2010-2016,Greece,,,
Heroldrebe,R,Germany,RHV,112,2023,199,112,-16.4,2010-2023,Germany,,,
Blutenmuskateller,W,USSR,other,112,2023,,,,,Austria,Poland,,Blütenmuskateller
Malvasia Branca de Sao Jorge,W,Portugal,RHV,110,2023,55,110,-0.4,2010-2023,Portugal,,,
Maiskii Chernyi,R,Moldova,VIVC,110,2023,77,110,0.0,2010-2023,Kazakhstan,,,Mayskiy
Zéta,W,Hungary,RHV,109,2023,,118,-7.9,2010-2023,Hungary,,,Zeta
Shavkapito,R,Georgia,RHV,109,2023,,,,,Georgia,,,
Siegerrebe,G,Germany,RHV,108,2023,168,102,-13.2,2010-2023,Germany,Canada,Poland,Sieger
Seyval Noir,R,Canada,RHV,107,2023,,76,,,Brazil,Canada,,Seyve Willard (Tinta)
Gouveio Real,W,Portugal,RHV,107,2023,,581,-81.6,2010-2023,Portugal,,,Gouveio Estimado
Pallagrello Nero,R,Italy,RHV,107,2016,,107,-37.0,2010-2016,Italy,,,
Milagh,R,Armenia,other,106,2023,,,,,Armenia,,,Milagh (Kakhet)
Yamabudo,R,Japan,RHV,106,2023,,35,,,Japan,,,
Lambrusco Oliva,R,Italy,RHV,104,2016,,104,-6.6,2010-2016,Italy,,,
Complexa,R,Portugal,RHV,103,2023,6,103,0.0,2010-2023,Portugal,,,
Medina,R,Hungary,VIVC,101,2023,,124,-33.4,2010-2023,Hungary,,,
Prima,R,France,VIVC,101,2023,,81,-2.8,2010-2023,France,Uruguay,Croatia,
Ruche,R,Italy,RHV,100,2016,46,100,-0.0,2010-2016,Italy,,,
Lival,R,France,VIVC,99,2023,,99,-2.7,2010-2023,France,Serbia,Croatia,
Malvasia di Casorzo,R,Italy,RHV,99,2016,98,99,-8.0,2010-2016,Italy,,,
Mskhali,W,Armenia,RHV,97,2023,1093,,-91.1,2010-2023,Armenia,,,
Tsvetochny,W,Russia,VIVC,95,2023,,169,-43.8,2010-2023,Russia,,,Tsvetochny (Floral); Tsvetochny (Flowery)
Albarola,W,Italy,RHV,95,2016,4090,95,-51.6,2010-2016,Italy,,,Bianchetta Genovese
Chasselas (R),R,Switzerland,VIVC,94,2023,11,90,-8.2,2010-2023,France,Portugal,Croatia,Chasselas Rouge; Chasselas Roxo; Chasselas rose; Ranka; Rdeča Žlahtnina
Rebo,R,Italy,RHV,94,2023+2016,37,92,-27.6,2010-2016,Italy,Romania,Brazil,
Amaral,R,Portugal,RHV,93,2023,582,93,1.0,2010-2023,Portugal,,,
Bouchales,R,France,RHV,93,2023,108,93,-2.9,2010-2023,France,,,
Casavecchia,R,Italy,RHV,93,2023+2016,,92,-36.3,2010-2016,Italy,Argentina,,
Schioppettino,R,Italy,RHV,93,2023+2016,93,87,-43.3,2010-2016,Italy,Slovenia,,Pokalca
Royalty,R,United States,RHV,93,2016,338,93,-4.2,2010-2016,United States,,,
Zelen,W,Slovenia,RHV,92,2023,,75,,,Slovenia,Croatia,,Zelenac
Frontenac,R,United States,RHV,91,2023,,212,-83.9,2010-2023,Canada,United States,Poland,Frontenac Noir; Frontenac Rouge
Nasco,W,Italy,RHV,91,2016,166,91,-35.6,2010-2016,Italy,,,
Nieddera,R,Italy,RHV,91,2016,58,91,-15.0,2010-2016,Italy,,,
Poulsard,R,France,RHV,90,2023,295,90,-70.6,2010-2023,France,,,
Divico,R,Switzerland,VIVC,90,2023,,10,,,Switzerland,Belgium,Netherlands,Divico (IRAC 2091)
Vespaiola,W,Italy,RHV,90,2016,105,90,-4.2,2010-2016,Italy,,,
De Chaunac,R,France,VIVC,89,2023,186,102,-2.7,2010-2023,Canada,United States,Switzerland,De Chaunac and Rosette; Dechaunac
Shine Muscat,W,Japan,VIVC,89,2023,,,,,Japan,,,
Emir,W,Turkey,RHV,89,2023,480,89,-87.1,2010-2023,Turkiye,,,
Adakarası,R,Turkey,RHV,89,2023,48,89,28.9,2010-2023,Turkiye,,,Adakarasi
Padeiro,R,Portugal,RHV,88,2023,,88,1.9,2010-2023,Portugal,,,
Vespolina,R,Italy,RHV,88,2016,103,88,-34.8,2010-2016,Italy,,,
Rabo de Anho,R,Portugal,VIVC,86,2023,,86,-13.7,2010-2023,Portugal,,,
Plassa,R,Italy,RHV,86,2016,41,86,-6.0,2010-2016,Italy,,,
Sercial,W,Portugal,RHV,85,2023,306,85,-19.4,2010-2023,Portugal,,,Esganoso
Blanc du Bois,W,United States,RHV,84,2023,,81,198.2,2010-2023,United States,,,Blanc Du Bois
Chkhaveri,G,Georgia,RHV,84,2023,20,26,227.4,2010-2023,Georgia,,,
Lefkada,R,Greece,other,84,2023,,,,,Cyprus,,,Leukada
Plavec Žuti,W,Croatia,RHV,83,2023,,82,-17.9,2010-2023,Slovenia,Croatia,,Plavac Zuti; Plavac Žuti; Plavec Zuti; Rumeni Plavec
Maturana Blanca,W,Spain,RHV,83,2023+2016,,13,912.5,2010-2023,Spain,Italy,,Maturano Bianco
Caddiu,R,Italy,RHV,83,2016,977,83,-73.0,2010-2016,Italy,,,
San Giuseppe Nero,R,Italy,RHV,82,2016,348,82,-57.1,2010-2016,Italy,,,
Malvasia di Schierano,R,Italy,RHV,82,2016,181,82,-7.6,2010-2016,Italy,,,
Ojaleshi,R,Georgia,RHV,81,2023,25,32,152.6,2010-2023,Georgia,,,Ojaleshi Orbelis
Monemvassia,W,Greece,RHV,81,2016,418,81,-83.0,2010-2016,Greece,,,Monemvasia
Drupeggio,W,Italy,RHV,81,2016,617,81,-71.7,2010-2016,Italy,,,Canaiolo Bianco
Piquepoul Noir,R,France,RHV,80,2023,103,69,14.6,2010-2023,France,Spain,Portugal,Pical; Picapoll Negro
Luisa Blanca,W,Spain,VIVC,80,2023,,80,,,Spain,,,
Perricone,R,Italy,RHV,80,2016,580,80,-65.1,2010-2016,Italy,,,
Labrusco,R,Portugal,VIVC,79,2023,,79,-2.1,2010-2023,Portugal,,,
Incrocio Manzoni 2.15,R,Italy,RHV,79,2023+2016,166,72,-16.5,2010-2016,Italy,Chile,,Incrocio Manzoni
Serna,G,Argentina,VIVC,78,2023,19,,114.8,2010-2023,Argentina,,,
Dekabrskii,R,Moldova,VIVC,78,2016,,78,0.0,2010-2016,Russia,,,Dekabrsky
Groppello Gentile,R,Italy,RHV,78,2016,219,78,-76.0,2010-2016,Italy,,,
Zierfandler,G,Austria,RHV,77,2023,196,105,-34.3,2010-2023,Austria,Hungary,,Cirfandli; Zierfandler (Spätrot)
Tinta Aguiar,R,Portugal,VIVC,77,2023,,77,1.9,2010-2023,Portugal,,,
Rieslina,W,Argentina,VIVC,77,2023,219,103,-56.1,2010-2023,Argentina,,,Rieslina (Inta C.G. 38049)
Ehrenfelser,W,Germany,RHV,77,2023+2016,288,82,-33.1,2010-2023,Germany,Canada,New Zealand,
Coda di Volpe Bianca,W,Italy,RHV,77,2016,980,77,-86.9,2010-2016,Italy,,,Guarnaccia
Agua Santa,R,Portugal,VIVC,76,2023,,76,-1.7,2010-2023,Portugal,,,
Pedral,R,Portugal,RHV,76,2023,179,80,-49.5,2010-2023,Spain,Portugal,,"Pedral, Dozal"
Terret Gris,W,France,RHV,76,2023,262,76,-3.2,2010-2023,France,,,
Picapoll Blanco,W,Spain,RHV,74,2023,34,40,100.0,2010-2023,Spain,,,"Picapoll Blanco, Extra"
Tintilia del Molise,R,Italy,RHV,74,2023+2016,,66,-40.6,2010-2016,Italy,Spain,,Tintilia; Tintilla
Bailey,R,United States,VIVC,73,2023,,49,113.7,2010-2023,Brazil,,,
Novac,R,Romania,RHV,73,2023,,74,,,Romania,,,
Rieslaner,W,Germany,RHV,73,2023,70,73,-13.1,2010-2023,Germany,,,
Debine e Bardhë,W,Albania,RHV,71,2023,,,,,Albania,,,Debinë e Bardhë 
Dakapo,R,Germany,RHV,71,2023,,68,38.9,2010-2023,Germany,Switzerland,Poland,
Chatus,R,France,RHV,71,2023+2016,15,71,-5.4,2010-2023,France,Italy,,
Škrlet,W,Croatia,RHV,70,2023,,,14.9,2010-2023,Croatia,,,Skrlet
Coloraillo,R,Spain,RHV,70,2023,614,109,-81.3,2010-2023,Spain,,,
Dorinto,W,Portugal,RHV,70,2023,,70,-38.9,2010-2023,Portugal,,,Arinto do Interior
Königin der Weingärten,W,Hungary,VIVC,70,2023+2016,750,70,-85.4,2010-2016,Moldova,Italy,France,Koenigin Der Weingaerten; Regina dei Vigneti; Regina viilor
Alvarelhão,R,Portugal,RHV,70,2023+2016,159,48,133.3,2010-2023,Spain,South Africa,Argentina,Alvarelhao; Brancellao; Pilongo
Albarossa,R,Italy,RHV,70,2016,5,70,-13.1,2010-2016,Italy,,,
Barbera Sarda,R,Italy,RHV,70,2016,326,70,-16.9,2010-2016,Italy,,,
Romorantin,W,France,RHV,69,2023,81,69,-3.9,2010-2023,France,,,
Ofthalmo,R,Cyprus,RHV,69,2023,,105,-50.8,2010-2023,Cyprus,,,
Lalvari,W,Armenia,RHV,69,2023,,,,,Armenia,,,
Foglia Tonda,R,Italy,RHV,68,2016,40,68,-32.7,2010-2016,Italy,,,
Petit Rouge,R,Italy,RHV,68,2016,100,68,-18.7,2010-2016,Italy,,,
Vignoles,W,France,RHV,67,2023,68,241,-73.5,2010-2023,United States,,,Vignoles/ Ravat 51; Vignoles/Ravat 51
Therona,W,South Africa,VIVC,67,2016,,67,,,South Africa,,,
Garrido Fino,W,Spain,RHV,65,2023,174,54,10.2,2010-2023,Spain,,,
L´Acadie Blanc,W,Canada,RHV,65,2023,,65,,,Canada,,,Acadie blanc; L´Acadie
Nosiola,W,Italy,RHV,65,2016,191,65,-18.4,2010-2016,Italy,,,
Dostoinyi,R,Russia,VIVC,65,2016,,65,0.0,2010-2016,Russia,,,
Donzelinho Branco,W,Portugal,RHV,64,2023,59,64,-1.0,2010-2023,Portugal,,,
Campbell Early,R,United States,RHV,64,2023,43,238,4.9,2010-2023,Japan,,,
Tinta Bragao,R,Portugal,VIVC,64,2023,,64,1.9,2010-2023,Portugal,,,Bragao
Verdil,W,Spain,RHV,63,2023,131,50,10.5,2010-2023,Spain,,,
Negru de Drăgăşani,R,Romania,RHV,62,2023,,18,,,Romania,Poland,,Negru De Dragasani; Negru De Drăgășani; Negru de Dragasani; Negru de Drăgășani; Negrude Drăgășani
Galotta,R,Switzerland,RHV,62,2023,,35,372.4,2010-2023,Switzerland,,,Gallota
Cabernet Cubin,R,Germany,RHV,62,2023,,62,-1.7,2010-2023,Germany,Switzerland,Belgium,
Bíborkadarka,R,Hungary,RHV,62,2023,202,109,-54.7,2010-2023,Hungary,,,Bibor Kadarka; Biborkadarka; Bíbor kadarka
Aromat de Iasi,W,Romania,VIVC,61,2023,,66,,,Romania,,,Aromat De Iași
Traminette,W,United States,RHV,61,2023,5,239,-74.8,2010-2023,United States,Canada,,
Mourisco de Semente,R,Portugal,VIVC,61,2023,,61,1.5,2010-2023,Portugal,,,
Korinthiaki,R,Greece,RHV,61,2023+2016,834,106,959.6,2010-2023,Chile,Italy,,Corinto; Corinto Nero
Kreaca,W,Serbia,RHV,61,2023+2016,,30,-59.2,2010-2023,Serbia,Romania,Hungary,Banati Rizling; Bánáti Rizling; Bánáti rizling
Moscato Nazareno,W,Portugal,VIVC,60,2023,,40,-11.2,2010-2023,Brazil,,,
Lambrusco Viadanese,R,Italy,RHV,59,2016,277,59,-75.5,2010-2016,Italy,,,
Aladasturi,R,Georgia,RHV,59,2016,46,59,0.0,2010-2016,Georgia,,,
Sciascinoso,R,Italy,RHV,59,2016,253,59,-36.5,2010-2016,Italy,,,Olivella Nera
Zghihară de Huşi,W,Romania,RHV,58,2023,,54,,,Romania,,,Zghihara de Husi; Zghihară De Huși
Mazuelo (W),R,Spain,RHV,58,2023+2016,1035,355,-98.1,2010-2023,France,Spain,Romania,Carignan Blanc; Carignan Blanc B; Carinena Blanco
Nero Buono di Cori,R,Italy,RHV,58,2016,114,58,-57.1,2010-2016,Italy,,,Nero Buono
Lambrusca di Alessandria,R,Italy,RHV,58,2016,888,58,-57.4,2010-2016,Italy,,,
Krakhuna,W,Georgia,RHV,57,2023,36,46,23.4,2010-2023,Georgia,,,Krakhuna Tetri
Mazzese,R,Italy,RHV,57,2016,80,57,-24.7,2010-2016,Italy,,,
Arriloba,W,France,RHV,56,2023,59,54,3.4,2010-2023,France,Uruguay,Brazil,
Lakhegyi Mézes,W,Hungary,VIVC,56,2023,567,145,-81.6,2010-2023,Hungary,,,Lakhegyi Mezes; Lakhegyi mézes
Kishmish Luchistyi,G,Moldova,VIVC,55,2023,,55,,,Moldova,,,Kişmiş lucistăi
Tinta Francisca,R,Portugal,RHV,55,2023+2016,,55,2.0,2010-2023,Portugal,South Africa,,
Marzemina Bianca,W,Italy,RHV,55,2016,78,55,0.7,2010-2016,Italy,,,
Rose du Var,G,France,RHV,54,2023,129,54,-2.5,2010-2023,France,,,
Würzer,W,Germany,RHV,54,2023,107,54,-18.5,2010-2023,Germany,New Zealand,Switzerland,Wurzer
Malaga Blanc,W,Thailand,RHV,54,2023,11,54,233.8,2010-2023,Thailand,,,
Grossa,R,Portugal,RHV,54,2023,,54,-32.8,2010-2023,Portugal,Spain,,
Hrvatica,R,Croatia,RHV,54,2023+2016,245,53,-54.0,2010-2016,Italy,Croatia,,Jarbola; Negrara
Bukettraube,W,Germany,RHV,54,2016,,54,,,South Africa,,,
Fioletovy Ranny,R,Russia,RHV,53,2023,,50,6.8,2010-2023,Russia,,,
Tinta Penajoia,R,Portugal,VIVC,53,2023,,53,0.9,2010-2023,Portugal,,,
Nerkeni,R,Armenia,RHV,53,2023,,,,,Armenia,,,
Segalin,R,France,RHV,53,2023,54,61,-17.8,2010-2023,France,,,Segalin N
Concieira,R,Portugal,RHV,53,2023,,53,1.5,2010-2023,Portugal,,,
Yama Sauvignon,R,Japan,VIVC,53,2023,,24,,,Japan,,,
Nobling,W,Germany,RHV,52,2023,101,52,5100.0,2010-2023,Germany,Switzerland,,
Fonte Cal,W,Portugal,RHV,52,2023,355,52,-53.1,2010-2023,Portugal,,,
Verdiso,W,Italy,RHV,52,2016,71,52,-22.8,2010-2016,Italy,,,Pedevenda
Phoenix,W,Germany,RHV,51,2023,24,48,0.0,2010-2023,Germany,Denmark,Belgium,
Folignan,W,France,RHV,51,2023,,51,0.6,2010-2023,France,,,
Baroque,W,France,RHV,51,2023,169,83,-47.8,2010-2023,France,Chile,,Baroque B; Barroca
Rathay,R,Austria,VIVC,51,2023,,32,479.3,2010-2023,Austria,Poland,,
Vitovska,W,Italy,RHV,51,2016,42,51,1.6,2010-2016,Italy,,,Vitouska
Magliocco Dolce,R,Italy,RHV,51,2016,243,51,-40.8,2010-2016,Italy,,,Marsigliana Nera
Menoir,R,Hungary,RHV,50,2023,,61,-23.1,2010-2023,Hungary,,,Menoire
Golden Muscat,W,United States,RHV,50,2023+2016,1190,50,-95.8,2010-2023,Taiwan,United States,,
Seinoir,R,France,VIVC,50,2023,15,50,-43.1,2010-2023,France,,,
Bosco,W,Italy,RHV,50,2016,88,50,-39.4,2010-2016,Italy,,,
Pignolo,R,Italy,RHV,50,2016,18,50,-46.3,2010-2016,Italy,,,
Canari Noir,R,France,RHV,49,2023,218,84,-70.0,2010-2023,Argentina,Uruguay,,Canari; Folle Noire; Folle Noire (Vidiella)
Trincadeiro Branco,W,Portugal,VIVC,49,2023,,49,-18.4,2010-2023,Portugal,,,Trincadeira Branca
Rossignola,R,Italy,RHV,49,2016,295,49,-74.1,2010-2016,Italy,,,
Aurelius,W,Czech Rep.,RHV,48,2023,,,9.6,2010-2023,Czechia,Poland,,
Tavkveri,R,Georgia,RHV,48,2023,29,37,29.0,2010-2023,Georgia,,,
Savagnin Rose,G,France,RHV,47,2023,883,48,3.9,2010-2023,France,Hungary,,Piros Tramini; Piros tramini
Forcada,W,Spain,other,47,2023,,,,,Spain,,,"Forcada, B"
Chilar,W,Armenia,VIVC,47,2023,,,,,Armenia,,,
Alurdreni,R,Armenia,VIVC,47,2023,,,,,Armenia,,,Tozot
MosGiallo,W,Italy,RHV,47,2023,,,,,Austria,,,Goldmuskateller
Madeleine × Angevine 7672,W,Germany,RHV,47,2023+2016,,50,-4.5,2010-2023,United Kingdom,Canada,Denmark,Madeleine Angevine; Madlen
Italica,W,Italy,RHV,47,2016,178,47,-87.1,2010-2016,Italy,,,
Magna,R,Brazil,VIVC,46,2023,,30,,,Brazil,,,BRS Magna
Corot Noir,R,United States,RHV,46,2023,,11,71.2,2010-2023,United States,,,
Torbato,W,Italy,RHV,46,2023+2016,168,46,-3.2,2010-2023,France,Italy,,
Pelaverga,R,Italy,RHV,46,2016,28,46,-15.8,2010-2016,Italy,,,
Folgasão,W,Portugal,RHV,45,2023,,,,,Portugal,,,Folgasao; Folgasão / Terrantez
Kéknyelű,W,Hungary,RHV,45,2023,,50,6.3,2010-2023,Hungary,,,Keknyelu
Göcseji Zamatos,W,Hungary,VIVC,45,2023+2016,,50,-68.2,2010-2023,Russia,Hungary,,Gecsei Zamatos; Gocseji Zamatos; Göcseji zamatos
Duna Gyöngye ,,,,45,2016,,45,-28.0,2010-2016,Hungary,,,
Caloria,R,Italy,RHV,45,2016,129,45,-58.0,2010-2016,Italy,,,
Tazzelenghe,R,Italy,RHV,45,2016,68,45,-17.3,2010-2016,Italy,,,
Blanca Ovoide,W,Chile,RHV,44,2023,107,44,10.9,2010-2023,Chile,,,
Garro,R,Spain,RHV,44,2023,,,,,Spain,,,"Garro, Mando, Mandon, T"
Canadice,R,United States,VIVC,44,2023,,0,,,United States,Canada,,
Vitovska Grganja,W,Slovenia,RHV,43,2023,,33,,,Slovenia,Croatia,,Dolcin
Usakhelouri,R,Georgia,RHV,43,2023,8,10,319.0,2010-2023,Georgia,,,
Bogdanuša,W,Croatia,RHV,43,2023,,,-11.9,2010-2023,Croatia,,,Bogdanusa
Diamond Muscat,W,United States,VIVC,42,2023,,,,,United States,,,Diamond
Sauvignac,W,Switzerland,VIVC,42,2023,,2,,,Switzerland,Belgium,Netherlands,VB Cal 6-04
Merille,R,France,RHV,42,2023,131,42,-4.7,2010-2023,France,,,
Lyana,W,Moldova,VIVC,42,2023,,41,,,Moldova,Serbia,,Leana
Slankamenka,W,Serbia,RHV,42,2023+2016,,23,-38.9,2010-2023,Romania,Croatia,Serbia,Majarcă Albă; Slankamenka Bela
Arandell,R,United States,VIVC,41,2023,,,,,United States,,,
Garandmak,W,Armenia,RHV,41,2023,931,,-95.6,2010-2023,Armenia,,,Garan Dmak
Frontenac (G),W,United States,RHV,41,2023,,92,-74.3,2010-2023,Canada,United States,,Frontenac Gris; Frontenac Grus
Bluebell,R,United States,VIVC,40,2023,,,,,United States,,,
Amigne,W,Switzerland,RHV,40,2023,21,42,-7.1,2010-2023,Switzerland,,,
Otskhanuri Sapere,R,Georgia,RHV,40,2023,5,6,523.6,2010-2023,Georgia,,,Sapere Otskhanuri
Chasan,W,France,RHV,40,2023,914,549,-94.7,2010-2023,France,,,Chasan B
Neronet,R,Czech Rep.,RHV,40,2023,,6,1.6,2010-2023,Czechia,Germany,Poland,
Verdelet,W,France,VIVC,40,2023+2016,,40,,,Japan,Canada,,
Hondarribi Beltza,R,Spain,RHV,39,2023,11,15,-26.2,2010-2023,Spain,Chile,,"Beltza; Hondarrabi Beltza; Hondarrabi Beltza, Ondarrabi Beltza; Ondarrabi Beltza"
Duna Gyöngye,R,Hungary,VIVC,39,2023,,,,,Hungary,,,Duna Gyöngye ; Duna gyöngye
Cabernet Jura,R,Switzerland,RHV,39,2023,,27,104.9,2010-2023,Switzerland,,,
Michele Palieri,R,Italy,RHV,39,2023,24,1,-31.1,2010-2023,Serbia,Argentina,Croatia,Michele Parlieri; Michelle Parlieri; Palieri 5
Primavera,R,Portugal,VIVC,39,2023,,39,-2.1,2010-2023,Portugal,,,
Verdea,W,Italy,RHV,39,2016,107,39,-53.7,2010-2016,Italy,,,
Maceratino,W,Italy,RHV,39,2016,122,39,-78.1,2010-2016,Italy,,,
Malvasia Nera di Basilicata,R,Italy,RHV,39,2016,754,39,-65.7,2010-2016,Italy,,,
Caberinta,R,Argentina,RHV,38,2023,85,38,-44.8,2010-2023,Argentina,,,
Doral,W,Switzerland,RHV,38,2023,3,35,40.0,2010-2023,Switzerland,Poland,,
Biancone di Portoferraio,W,Italy,RHV,38,2016,67,38,-60.5,2010-2016,Italy,Australia,,Biancone
Bianco d'Alessano,W,Italy,RHV,38,2016,941,38,-90.9,2010-2016,Italy,,,
Listain de Huelva,W,Spain,RHV,37,2023,596,466,-89.3,2010-2023,Portugal,,,Manteudo; Manteúdo
Landal,R,France,RHV,37,2023,16,37,-13.3,2010-2023,France,,,
Saperavi Budeshuriseburi,R,Georgia,VIVC,37,2023,,,,,Georgia,,,
Charentsi,R,Armenia,RHV,37,2023,,,,,Armenia,,,Charenci
Optima,W,Germany,RHV,37,2023,239,38,-43.7,2010-2023,Germany,Canada,Belgium,Optima 113
Schönburger,G,Germany,RHV,37,2023+2016,37,35,-17.0,2010-2023,Canada,Germany,United Kingdom,Schonburger
Golubok,R,Ukraine,RHV,37,2023+2016,50,37,0.0,2010-2016,Russia,Poland,,Goloubok; Goluboc
Lumassina,W,Italy,RHV,37,2016,111,37,-62.4,2010-2016,Italy,,,
Muscat Swenson,W,United States,RHV,37,2016,,37,49.8,2010-2016,Canada,United States,,Muscats
San Michele,R,Italy,RHV,37,2016,120,37,-35.2,2010-2016,Italy,,,
Tsulukidzis Tetra,W,Georgia,RHV,36,2023,152,195,-81.5,2010-2023,Georgia,,,
Chancellor,R,France,RHV,36,2023,27,38,-28.4,2010-2023,United States,Canada,Switzerland,
Karát,W,Hungary,RHV,36,2023,,44,-28.8,2010-2023,Hungary,,,Karat
Kabar,W,Hungary,RHV,36,2023,,30,96.9,2010-2023,Hungary,,,
Frontenac (W),W,United States,RHV,36,2023,,26,,,Canada,United States,Lithuania,Frontenac Blanc; Frontenac Blanc/Gris
Ruby Seedless,R,United States,VIVC,35,2023,25,,,,Argentina,,,
Cabernet Dorio,R,Germany,RHV,35,2023,,34,-5.6,2010-2023,Germany,Belgium,Netherlands,
Lora,W,Ukraine,VIVC,35,2023,,35,,,Moldova,,,
Tigrani,R,Armenia,RHV,35,2023,,,,,Armenia,,,
Select,W,France,VIVC,35,2023,8,7,0.6,2010-2023,Romania,France,,Seleções
Yamasachi,R,Japan,other,35,2023,,20,,,Japan,,,
Carricante,W,Italy,RHV,35,2016,252,35,-83.0,2010-2016,Italy,,,
Grechetto Rosso,R,Italy,VIVC,35,2016,111,35,-28.6,2010-2016,Italy,,,
Negretto,R,Italy,RHV,35,2016,280,35,-53.4,2010-2016,Italy,,,
Chaouch Rozovyi,R,Turkey,VIVC,34,2023,,,,,Serbia,,,
Branco Gouvaes,W,Portugal,VIVC,34,2023,,34,-6.0,2010-2023,Portugal,,,Touriga Branca
Jampal,W,Portugal,RHV,34,2023,127,34,-52.1,2010-2023,Portugal,,,Pinheira Branca
Donzelinho Tinto,R,Portugal,RHV,34,2023,,34,1.4,2010-2023,Portugal,,,
Ora,W,France,VIVC,34,2023,,32,-13.4,2010-2023,France,Croatia,Uruguay,
Semidano,W,Italy,RHV,34,2016,48,34,-7.7,2010-2016,Italy,,,
Oeillade Noire,R,France,RHV,33,2023,,18,-3.3,2010-2023,France,Cyprus,,
Vlosh ,R,Albania,RHV,33,2023,,,,,Albania,,,
Caracol,W,Portugal,RHV,33,2023,14,33,-0.1,2010-2023,Portugal,,,
Ramisco,R,Portugal,RHV,33,2023,72,33,-2.8,2010-2023,Portugal,,,Ramisco Tinto
Chenel,W,South Africa,RHV,33,2016,,33,,,South Africa,,,
Pampanuto,W,Italy,RHV,33,2016,277,33,-90.9,2010-2016,Italy,,,
Centurian,R,United States,RHV,33,2016,134,33,-2.4,2010-2016,United States,,,
Courbu Blanc,W,France,RHV,32,2023,47,32,-25.3,2010-2023,France,,,
Petit Meslier,W,France,RHV,32,2023,3,3,688.8,2010-2023,France,Belgium,Netherlands,Meslier Petit; Petit-Meslier
Manseng Noir,R,France,RHV,32,2023,10,29,1.5,2010-2023,Portugal,Spain,France,Ferrol; Ferron; Ferrón; Manseng Noir N
Kuban,R,Russia,VIVC,32,2023,,32,,,Moldova,,,Kubani
Vidadillo,R,Spain,VIVC,32,2023,,38,,,Spain,,,
Goldburger,W,Austria,RHV,32,2023+2016,617,98,-77.5,2010-2023,Austria,Hungary,,
Pollera Nera,R,Italy,RHV,32,2016,19,32,-40.6,2010-2016,Italy,,,
Malvasia Bianca di Basilicata,W,Italy,RHV,32,2016,875,32,-84.8,2010-2016,Italy,,,
Cetinka,W,Croatia,RHV,31,2023,,,-9.5,2010-2023,Croatia,,,
Rougeon,R,France,VIVC,31,2023,36,21,-26.7,2010-2023,United States,,,
Podarok Zaporozju,W,Ukraine,VIVC,31,2023,,31,,,Moldova,,,Novîi podaroc Zaporojiu
Prunesta,R,Italy,RHV,31,2016,92,31,-14.7,2010-2016,Italy,,,
La Crescent,W,United States,RHV,30,2023,,94,-70.7,2010-2023,United States,Canada,Lithuania,
Nevado,W,Argentina,VIVC,30,2023,,,,,Argentina,,,
Khindogni,R,Azerbaijan,RHV,30,2023,,,,,Armenia,,,Khndoghni
Ferral,R,Spain,VIVC,30,2023,48,31,-1.1,2010-2023,Argentina,,,
Tinta Pomar,R,Portugal,VIVC,30,2023,,30,1.0,2010-2023,Portugal,,,
Goethe,R,United States,VIVC,30,2023,,20,,,Brazil,,,
Backa,R,Serbia,VIVC,30,2023,,,,,Hungary,Serbia,,Bačka; Ister
Trebbianina,W,Italy,VIVC,30,2016,,30,-76.8,2010-2016,Italy,,,
Aglianicone,R,Italy,RHV,30,2016,148,30,-51.5,2010-2016,Italy,,,
Barkhatnyi,W,Russia,VIVC,30,2016,,30,0.0,2010-2016,Russia,,,Barkhatny
Arnsburger,W,Germany,RHV,29,2023,3,29,0.0,2010-2023,Portugal,Germany,,
Yiannoudi ,R,Cyprus,other,29,2023,,,,,Cyprus,,,Giannoudi
Barbaroux,G,France,RHV,29,2023,79,29,-2.5,2010-2023,France,,,
Tarrango,R,Australia,RHV,29,2023,120,4,-59.6,2010-2023,Australia,,,
Moneu,R,Spain,VIVC,29,2023,,,,,Spain,,,"Moneu, T"
Panonia,W,Serbia,RHV,29,2023,,10,,,Hungary,Serbia,Poland, Panonia; Castellum; SK 90-2/19 (Pannonija)
Verdelho Tinto,R,Portugal,VIVC,29,2023,1,29,1.7,2010-2023,Portugal,,,
Rossola Nera,R,Italy,RHV,29,2016,102,29,-66.9,2010-2016,Italy,,,
Uva Tosca,R,Italy,RHV,29,2016,84,29,-58.9,2010-2016,Italy,,,
Zeusz,W,Hungary,RHV,28,2023,,27,2.1,2010-2023,Hungary,,,Zeus
Kanzler,W,Germany,RHV,28,2023,52,28,-15.2,2010-2023,Germany,,,
Madrasa,R,Azerbaijan,RHV,28,2023,20,28,-0.0,2010-2023,Kazakhstan,,,Matrasa
Promara,W,Cyprus,VIVC,28,2023,,,,,Cyprus,,,
Kishmish Moldavskii,R,Moldova,VIVC,28,2023,,28,,,Moldova,,,Kişmiş moldovenesc
Albaranzeuli Nero,R,Italy,RHV,28,2016,40,28,-44.4,2010-2016,Italy,,,
Pignola Valtellinese,R,Italy,RHV,28,2016,70,28,-42.8,2010-2016,Italy,,,Pignola
Kakotrygis,W,Greece,RHV,28,2016,,28,-72.5,2010-2016,Greece,,,
Räuschling,W,Germany,RHV,27,2023,23,23,19.2,2010-2023,Switzerland,Belgium,Netherlands,Rauschling; Roter Räuschling
St Croix,R,United States,RHV,27,2023,,45,-61.7,2010-2023,Canada,United States,Lithuania,St. Croix
Jubileum 75,R,Hungary,VIVC,27,2023,,91,-86.1,2010-2023,Hungary,,,
Humagne,W,Switzerland,RHV,27,2023,9,29,-11.0,2010-2023,Switzerland,,,Humagne Blanc
Admirable de Courtiller,W,France,VIVC,27,2023,,27,-3.5,2010-2023,France,,,
Emperor,R,United States,VIVC,27,2023,,,,,Argentina,,,
Vega,W,Italy,RHV,27,2016,27,27,-22.4,2010-2016,Italy,,,
Thrapsathiri,W,Greece,RHV,27,2016,,27,-13.9,2010-2016,Greece,,,
Barcelo,W,Portugal,RHV,26,2023,34,26,15.6,2010-2023,Portugal,,,
Valenci Tinto,R,Spain,VIVC,26,2023,5,26,-2.3,2010-2023,Spain,,,
Alba,Alba,Argentina,Alba,26,2023,,,,,Argentina,,,
Oberlin,R,France,VIVC,26,2023,0,26,-60.1,2010-2023,France,United States,,Oberlin Noir
Grk Bijeli,W,Croatia,VIVC,26,2023,,,,,Croatia,,,Grk Korčulanski
GR 7,,United StatesR,RHV,26,2023,,13,-19.6,2010-2023,United States,,,Geneva Red/ Gr7; Geneva Red/Gr7
Calitor Noir,R,France,RHV,26,2023,85,26,-2.5,2010-2023,France,,,
Sgavetta,R,Italy,RHV,26,2016,61,26,-44.0,2010-2016,Italy,,,
Columna,W,Romania,VIVC,26,2016,,26,,,Romania,,,
Valvin Muscat,W,United States,RHV,25,2023,,,320.0,2010-2023,United States,,,
Silvaner (R),W,Austria,RHV,25,2023,2,25,-34.2,2010-2023,Germany,,,"Blauer Silvaner; Roter Silvaner; Silvaner, Blauer"
Gargiulo 2539,R,Argentina,VIVC,25,2023,69,29,-49.4,2010-2023,Argentina,,,C.G.2539 (Inta)
Codană,R,Romania,VIVC,25,2023,,26,,,Romania,,,Codana
Alb Aromat,W,Romania,VIVC,25,2023,,24,,,Romania,,,
Lambrusco Montericco,R,Italy,RHV,25,2016,262,25,-63.7,2010-2016,Italy,,,
Fumin,R,Italy,RHV,25,2016,73,25,-20.1,2010-2016,Italy,,,
Centesimino,R,Italy,RHV,25,2016,,25,5.0,2010-2016,Italy,,,
St Pepin,W,United States,RHV,24,2023,,37,-97.9,2010-2023,Canada,Lithuania,Poland,Saint Pepin; St. Pepin
Trnjak,R,Croatia,RHV,24,2023,,,58.7,2010-2023,Croatia,,,
Goldriesling,W,France,RHV,24,2023,10,24,14.3,2010-2023,Germany,Poland,,
Petite Pearl,R,United States,RHV,24,2023,,11,,,United States,Canada,Poland,Petite Perle
Tinta de Alcoa,R,Portugal,VIVC,24,2023,,24,0.6,2010-2023,Portugal,,,Alcoa
Malvasia Fina Roxa,G,Portugal,VIVC,24,2023,,24,-3.9,2010-2023,Portugal,,,
Saint Jeannet,W,Argentina,VIVC,24,2023,68,43,-57.3,2010-2023,Argentina,,,Saint Jeannett
Moscatello Selvatico,W,Italy,RHV,24,2023+2016,105,5,-85.8,2010-2016,Serbia,Italy,,
Prie,W,Italy,RHV,24,2016,36,24,-28.3,2010-2016,Italy,,,Prie Blanc
Groppello di Mocasina,R,Italy,RHV,24,2016,120,24,-70.1,2010-2016,Italy,,,Groppello di Santo Stefano
Moore's Diamond,W,United States,RHV,24,2016,19,24,-43.1,2010-2016,United States,,,Moores Diamond
Adirondac,R,United States,VIVC,24,2016,,24,,,Japan,,,
Kishmish Chernyi,R,Azerbaijan,VIVC,23,2023,,,,,Argentina,,,
Marmajuelo,W,Spain,RHV,23,2023,37,20,-4.2,2010-2023,Spain,,,"Bermejuela; Bermejuela, Marmajuelo; Vermejuela"
Manteudo,W,Portugal,VIVC,23,2023,,,,,Spain,,,Listán Del Condado
Folha de Figueira,W,Portugal,VIVC,23,2023,,2,553.4,2010-2023,Portugal,,,Folha De Figueira / Dona Branca
Mollard,R,France,RHV,23,2023,23,23,-2.5,2010-2023,France,,,
Valerien,W,France,VIVC,23,2023+2016,2,23,-7.1,2010-2023,France,Romania,,
Biancolella,W,Italy,RHV,23,2016,385,23,-86.2,2010-2016,Italy,,,
Manzoni Rosa,G,Italy,RHV,23,2016,,23,-22.7,2010-2016,Italy,,,
Cascade,R,France,RHV,22,2023+2016,,22,,,Japan,Poland,,
Moscato di Terracina,W,Italy,RHV,22,2016,229,22,-84.0,2010-2016,Italy,,,
Lucie Kuhlmann,R,France,RHV,21,2023,,21,,,Canada,,,Lucie Kuhlman
Odysseus,W,Hungary,VIVC,21,2023,,25,377.1,2010-2023,Hungary,,,
Cesar,R,France,RHV,21,2023,8,15,1.7,2010-2023,Chile,France,,Cesar N; Romano - Cesar - Cesar Noir
Regner,W,Germany,RHV,21,2023,151,21,-50.0,2010-2023,Germany,,,
Gorgollasa,R,Spain,RHV,21,2023,,5,,,Spain,,,Gorgollassa
Kiyomai,R,Japan,other,21,2023,,,,,Japan,,,Kiyomi
Ondenc,W,France,RHV,20,2023,12,1,160.9,2010-2023,France,,,Ondenc B
Prior,R,Germany,RHV,20,2023,,14,,,Germany,Switzerland,Poland,
Fuella Nera,R,France,RHV,20,2023,4,20,-2.5,2010-2023,France,,,
Manzoni Moscato,R,Italy,RHV,20,2023+2016,,19,-2.6,2010-2016,Italy,Serbia,,Manzoni Muscat
St Vincent,R,United States,RHV,20,2016,,20,-11.7,2010-2016,United States,,,
Pavana,R,Italy,RHV,20,2016,69,20,-38.1,2010-2016,Italy,,,
Valentino Nero,R,Italy,RHV,20,2016,56,20,-1.1,2010-2016,Italy,,,
Prunelard,R,France,RHV,19,2023,2,19,-5.7,2010-2023,France,,,
Drugo,R,France,other,19,2023,,,,,Slovenia,,,
Carrasquín,R,Spain,VIVC,19,2023,,,,,Spain,,,
Monarch,R,Germany,RHV,19,2023,,10,,,Germany,Slovenia,Poland,
Mechta,R,Ukraine,VIVC,19,2023,,19,,,Moldova,,,Mecita
Plant Droit,R,France,RHV,19,2023,40,19,-2.6,2010-2023,France,,,
Minella Bianca,W,Italy,RHV,19,2016,73,19,-70.6,2010-2016,Italy,,,
Neretto di Bairo,R,Italy,RHV,19,2016,53,19,-45.3,2010-2016,Italy,,,
Goustolidi,W,Greece,RHV,19,2016,112,19,-72.5,2010-2016,Greece,,,
Tauberschwarz,R,Germany,RHV,18,2023,7,16,45.5,2010-2023,Germany,Poland,,"Tauberschwarz (Hängling, Blauer)"
Gualarido,W,Spain,VIVC,18,2023,,18,,,Spain,,,
Castelão Branco,W,Portugal,VIVC,18,2023,,18,-51.7,2010-2023,Portugal,,,Castelao Branco
Noiret,R,United States,RHV,18,2023,,25,-45.6,2010-2023,United States,,,
Perle,G,Germany,RHV,18,2023,122,18,-45.5,2010-2023,Germany,,,
Folgasao Roxo,,,,18,2023,,18,-2.0,2010-2023,Portugal,,,
Lasina,R,Croatia,RHV,18,2023,,,23.5,2010-2023,Croatia,,,Lasina Vrgorska
Csillám,W,Hungary,VIVC,18,2023,,25,-9.6,2010-2023,Hungary,,,Csillam
Molette,W,France,RHV,18,2023,30,18,-38.7,2010-2023,France,,,
Morava,W,Serbia,RHV,18,2023,,34,,,Serbia,,,
Olivette Noire,R,Hungary,VIVC,18,2023,0,16,-2.5,2010-2023,France,Serbia,Croatia,Olivette Noir
Avana,R,Italy,RHV,18,2016,53,18,-32.9,2010-2016,Italy,,,
Abbuoto,R,Italy,RHV,18,2016,696,18,-50.1,2010-2016,Italy,,,
Carrega Tinto,R,Portugal,VIVC,17,2023,,17,2.0,2010-2023,Portugal,,,
Patagonia,W,Argentina,VIVC,17,2023,29,,-56.0,2010-2023,Argentina,,,
Mara,R,Switzerland,RHV,17,2023,,10,,,Switzerland,,,"Mara (RAC 3022, C41)"
Vostorg,W,Russia,VIVC,17,2023,,17,,,Moldova,,,
Rkatsiteli Vardisperi,R,Georgia,VIVC,17,2023,,,,,Georgia,,,
Strashenskii,R,Moldova,VIVC,17,2023,,,,,Serbia,,,
Morokanela,W,yprus,other,17,2023,,,,,Cyprus,,,
Muscardin,R,France,RHV,17,2023,19,17,-2.6,2010-2023,France,,,
Nektár,W,Hungary,VIVC,17,2023,,22,-21.0,2010-2023,Hungary,,,Nektar
Danlas,W,France,VIVC,17,2023,,203,-94.5,2010-2023,France,Uruguay,Serbia,Danlas B
Soperga,R,Italy,RHV,17,2016,32,17,-26.3,2010-2016,Italy,,,
Nascetta,W,Italy,RHV,17,2016,,17,-19.3,2010-2016,Italy,,,
Negoska,R,Greece,RHV,17,2016,96,17,-88.1,2010-2016,Greece,,,Negkoska
Bastardo Branco,W,Portugal,VIVC,16,2023,,14,-1.9,2010-2023,Portugal,Spain,,"Bastardo Blanco, Baboso Blanco"
Red Muscadine,R,United States,other,16,2023,,,,,United States,,,Muscadine (Red)
Steuben,R,United States,RHV,16,2023,,35,-86.4,2010-2023,Japan,United States,,
Muskat de Yaloven,W,Moldova,VIVC,16,2023,20,16,-51.4,2010-2023,Portugal,Moldova,,Malvasia Trigueira; Muscat De Ialoveni; Muscat de Yaloven; Muscat de ialoveni; Trigueira
Emperatriz,R,Argentina,VIVC,16,2023,,,,,Argentina,,,
Probus,R,Serbia,RHV,16,2023,,,,,Serbia,,,
Bakator Roz,R,Hungary,VIVC,16,2023+2016,,16,-31.0,2010-2023,Romania,Hungary,Serbia,Piros Bakator; Piros bakator
Oseleta,R,Italy,RHV,16,2016,,16,8.8,2010-2016,Italy,,,
Mostosa,W,Italy,VIVC,16,2016,95,16,-34.2,2010-2016,Italy,,,
Guardavalle,W,Italy,RHV,16,2016,168,16,-52.8,2010-2016,Italy,,,
Colombana Nera,R,Italy,RHV,16,2016,126,16,-56.7,2010-2016,Italy,,,
Gringet,W,France,RHV,15,2023,74,15,-38.7,2010-2023,France,,,
Carignan Bouschet,R,France,VIVC,15,2023,16,1,-3.2,2010-2023,Australia,France,,
Rubinet,R,Czech Rep.,RHV,15,2023,,15,,,Germany,Poland,,
Fogoneu,R,Spain,RHV,15,2023,36,15,-57.1,2010-2023,Spain,,,
Juwel,W,Germany,RHV,15,2023,42,15,-31.8,2010-2023,Germany,,,
Cabernet Blanc,W,Switzerland,RHV,15,2023,,6,,,Switzerland,Belgium,Netherlands,CabVB; Cabernet; Cabernet B; Cabernet Blanc (VB 91-26-01); Cabernet VB
Soreli,W,Italy,VIVC,15,2023,,0,,,Slovenia,Poland,Belgium,Soreli (UD-31.113); Sorelli
Ohanes,W,Spain,VIVC,15,2023,0,15,-7.0,2010-2023,France,Spain,,Valensi; Valensi du Maroc
Touriga Femea,R,Portugal,RHV,15,2023,,15,0.1,2010-2023,Portugal,,,
Rózsakő,W,Hungary,VIVC,15,2023,,17,-20.6,2010-2023,Hungary,,,Rozsakoe
Cabernet Cantor,R,Germany,VIVC,15,2023,,1,,,Poland,Belgium,Lithuania,
Muscat Timpuriu de Bucuresti,W,Romania,VIVC,15,2023,,15,,,Moldova,,,Muscat timpuriu
Mondeuse Blanche,W,France,RHV,15,2023,22,7,97.6,2010-2023,France,Switzerland,,Mondeuse Blanche B
Blasius,W,Romania,VIVC,15,2016,,15,,,Romania,,,
Rollo,W,Italy,RHV,15,2016,117,15,-70.1,2010-2016,Italy,,,Livornese Bianca
Pugnitello,R,Italy,RHV,15,2016,,15,-48.3,2010-2016,Italy,,,
Ryugan,W,Japan,VIVC,14,2023,,27,,,Japan,,,Zenkoji Temple
Aramon Noir (W),R,France,RHV,14,2023,43,14,-3.1,2010-2023,France,,,Aramon Blanc; Aromon Blanc
Vandal-Cliche,W,Canada,RHV,14,2023,,14,,,Canada,,,
Sevilhao,R,Portugal,VIVC,14,2023,,14,1.9,2010-2023,Portugal,,,
New York Muscat,R,United States,RHV,14,2023,,12,152.4,2010-2023,Canada,Japan,,NY Muscat
Arbane,W,France,RHV,14,2023,1,1,710.0,2010-2023,France,,,
Helfensteiner,R,Germany,RHV,14,2023,26,14,-26.3,2010-2023,Germany,,,
Cabaret Noir,R,Switzerland,VIVC,14,2023,,3,,,Belgium,Netherlands,Switzerland,Cabernet Noir (VB 91-26-04)
Geisenheim 318-57,W,Germany,RHV,14,2023,,14,-86.9,2010-2023,Canada,,,Geisenheim; Geisenheim 813-57
Floricica,W,Moldova,VIVC,14,2023,,14,,,Moldova,,,
Nincusa,R,Croatia,RHV,14,2023,,,-17.6,2010-2023,Croatia,,,Ninčuša
Sabrevois,R,United States,RHV,14,2023,,25,-96.0,2010-2023,Canada,Lithuania,United States,
Swenson Red,R,United States,RHV,14,2023+2016,,10,-15.1,2010-2016,United States,Poland,,
Casetta,R,Italy,RHV,14,2016,,14,8.6,2010-2016,Italy,,,
Malvasia Nera Lunga,R,Italy,RHV,14,2016,,14,-63.9,2010-2016,Italy,,,
Primetta,G,Italy,RHV,14,2016,17,14,-39.0,2010-2016,Italy,,,Prie Rouge
Debina,W,Greece,RHV,14,2016,455,14,-94.1,2010-2016,Greece,,,Dembina
Syllogi,W,Greece,other,13,2023,,,,,Cyprus,,,
Royal de Alloza,R,Spain,RHV,13,2023,,6,-55.2,2010-2023,Spain,,,Derechero
Morenillo,R,Spain,VIVC,13,2023,39,,,,Spain,,,"Morenillo, T"
Dawn Seedless,W,United States,VIVC,13,2023,19,,,,Argentina,,,
Merlot Blanc,W,France,VIVC,13,2023,176,44,-72.9,2010-2023,France,,,Merlot Blanc B
Meslier Saint-Francois,W,France,RHV,13,2023,55,13,-16.8,2010-2023,France,,,Meslier Saint Francois
Bronner,W,Germany,RHV,13,2023+2016,,6,33.3,2010-2023,Belgium,Germany,Netherlands,
Maiolica,R,Italy,RHV,13,2016,70,13,-51.3,2010-2016,Italy,,,
Arvesiniadu,W,Italy,RHV,13,2016,147,13,-57.9,2010-2016,Italy,,,
Spourtiko,W,Cyprus,RHV,12,2023,,,,,Cyprus,,,
Rondeau,R,France,VIVC,12,2023,,,,,Japan,,,
Portland,W,United States,VIVC,12,2023,9,39,-1.6,2010-2023,Japan,,,
Itasca,W,United States,VIVC,12,2023,,,,,United States,,,
Colobel,R,France,RHV,12,2023,3,8,29.9,2010-2023,France,United States,,
Deckrot,R,Germany,RHV,12,2023,29,12,500.0,2010-2023,Germany,Switzerland,,
Pinotin,R,Germany,RHV,12,2023,,0,,,Belgium,Netherlands,Poland,
Escursac,R,Spain,RHV,12,2023,,,,,Spain,,,"Escursac, T"
Albalonga,W,Germany,RHV,12,2023,57,12,-20.0,2010-2023,Germany,,,
Braquet Noir,R,France,RHV,12,2023,8,12,-2.5,2010-2023,France,,,
Mátrai Muskotály,W,Hungary,RHV,12,2023,,49,-82.3,2010-2023,Hungary,,,Matrai Muskotaly; Mátrai muskotály
Divona,W,Switzerland,VIVC,12,2023,,0,,,Switzerland,Belgium,Netherlands,IRAC 2060
Gegić,W,Croatia,RHV,12,2023,,,4.0,2010-2023,Croatia,,,Debejan; Gegic
Rubel Muscat,R,Japan,VIVC,12,2023,,,,,Serbia,,,
Carminoir,R,Switzerland,RHV,12,2023,,11,13.5,2010-2023,Switzerland,,,Carmi Noir
Persan,R,France,RHV,12,2023+2016,3,12,-5.4,2010-2023,France,Italy,Switzerland,Becuet
Corbina Vicentina,R,Italy,VIVC,12,2016,,12,-0.1,2010-2016,Italy,,,Corbina
Groppello di Revo,R,Italy,RHV,12,2016,,12,-2.9,2010-2016,Italy,,,
Bianchetta Trevigiana,W,Italy,RHV,12,2016,53,12,-13.9,2010-2016,Italy,,,
Incrocio Terzi 1,R,Italy,RHV,12,2016,65,12,-72.2,2010-2016,Italy,,,
Neyret,R,Italy,RHV,12,2016,76,12,-69.5,2010-2016,Italy,,,
Cabernet Carbon,R,Germany,RHV,11,2023,,11,,,Germany,Switzerland,Poland,
Ravat Blanc,W,France,RHV,11,2023,2,6,-6.8,2010-2023,France,Belgium,Lithuania,Ravel Blanc
Florental,R,France,RHV,11,2023,1,11,-55.6,2010-2023,France,,,Bourdin (S)
Fredonia,R,United States,RHV,11,2023,86,28,-69.3,2010-2023,United States,,,
Dunav,R,Bulgaria,VIVC,11,2023,,11,,,Moldova,,,
Rotberger,R,Germany,RHV,11,2023,26,11,-35.3,2010-2023,Germany,Canada,,
Dona Joaquina,W,Portugal,VIVC,11,2023,,11,-53.1,2010-2023,Portugal,,,
Pione (4N),R,Japan,VIVC,11,2023,,,,,Japan,,,Pione
Lattuario Nero,R,Italy,VIVC,11,2023,,,,,Argentina,,,
Terrantez,W,Portugal,RHV,11,2023,27,11,-9.3,2010-2023,Portugal,,,
Alcañon,W,Spain,RHV,11,2023,54,27,-81.7,2010-2023,Spain,,,Alcanon; Alcañón
Nigheddu Polchinu,R,Italy,VIVC,11,2023,,,,,Spain,,,"Gonfaus, T"
Manteudo Preto,R,Portugal,VIVC,11,2023,,11,-33.2,2010-2023,Portugal,,,
Brun Argente,R,France,RHV,11,2023,14,11,-2.7,2010-2023,France,,,
Completer,W,Switzerland,RHV,11,2023,2,5,259.5,2010-2023,Switzerland,,,
Planta Mula,R,Spain,VIVC,11,2023,1,11,-55.5,2010-2023,Spain,,,
Vasilissa,W,Cyprus,VIVC,11,2023,,,,,Cyprus,,,
Perlette,W,United States,VIVC,11,2023,14,2,-0.7,2010-2023,Argentina,Peru,Spain,
Vincent,R,Canada,RHV,11,2023,,8,-7.1,2010-2023,United States,,,
Piccola Nera,G,Italy,RHV,11,2023+2016,17,6,-67.7,2010-2016,Slovenia,Italy,,Maločrn
Flora,G,United States,RHV,11,2023+2016,6,11,-96.9,2010-2023,South Africa,New Zealand,Chile,
Trevisana Nera,R,Italy,RHV,11,2016,33,11,-26.1,2010-2016,Italy,,,
Leon Millot,,,,11,2016,,11,,,Denmark,,,
Retagliado Bianco,W,Italy,RHV,11,2016,26,11,-61.2,2010-2016,Italy,,,
Bakator Belyi,W,Russia,VIVC,11,2016,,11,,,Romania,,,Ardeleanca
Charmont,W,Switzerland,RHV,10,2023,7,10,10.0,2010-2023,Switzerland,Poland,,
Tinta Martins,R,Portugal,VIVC,10,2023,,10,-2.2,2010-2023,Portugal,,,
Gyöngyrizling,W,Hungary,VIVC,10,2023,,16,-56.8,2010-2023,Hungary,,,Gyongyrizling
Ives,R,United States,RHV,10,2023,23,,-35.9,2010-2023,United States,,,
Patorra,R,Portugal,VIVC,10,2023,,10,2.0,2010-2023,Portugal,,,
Babica,R,Croatia,RHV,10,2023,,,-44.0,2010-2023,Croatia,,,
Elbling (R),W,Germany,RHV,10,2023,4,10,11.1,2010-2023,Germany,,,"Elbling Rot; Elbling, Roter"
Petit Milo,W,Switzerland,other,10,2023,,,,,Canada,,,
Dobričić,R,Croatia,RHV,10,2023,,,,,Croatia,,,
Garonnet,R,France,VIVC,10,2023,7,10,-33.3,2010-2023,France,,,
Ner d'Ala,R,Italy,RHV,10,2016,8,10,-66.7,2010-2016,Italy,,,
Moscato di Scanzo,R,Italy,RHV,10,2016,73,10,-82.1,2010-2016,Italy,,,
Ucelut,W,Italy,RHV,10,2016,10,10,-1.2,2010-2016,Italy,,,
Gargiulo 45803,W,Argentina,VIVC,9,2023,4,10,16.7,2010-2023,Argentina,,,C G 45803 (Inta)
Medna,W,Croatia,VIVC,9,2023,,,,,Croatia,,,Botun; Bumba Bijela
Saphira,W,Germany,RHV,9,2023,,8,,,Germany,Poland,Switzerland,
Pannon Frankos,R,Hungary,VIVC,9,2023,,12,-42.1,2010-2023,Hungary,,,Pannon frankos
Ruby,R,United States,VIVC,9,2023,6,9,0.0,2010-2023,Kazakhstan,,,
Chardonel,W,United States,RHV,9,2023,,90,-93.7,2010-2023,United States,,,
Ventura,W,Canada,VIVC,9,2023,39,10,-63.3,2010-2023,United States,,,
Tintem,R,Portugal,VIVC,9,2023,,9,-2.1,2010-2023,Portugal,,,
Blattner Cal 1-28,R,Switzerland,VIVC,9,2023,,2,,,Switzerland,Belgium,Netherlands,VB Cal 1-28; Vb Cal 128; Vbcal-28
Quiebratinajas Tinto,R,Spain,VIVC,9,2023,6,9,73.8,2010-2023,Spain,,,Colgadero; Quiebratinajas
Bondola,R,Switzerland,RHV,9,2023,17,11,-31.9,2010-2023,Switzerland,,,
Arrufiac,R,France,RHV,9,2023,126,9,-89.2,2010-2023,France,,,
Helios,W,Germany,RHV,9,2023,,6,,,Germany,Belgium,Netherlands,
Teinturier,R,France,RHV,9,2023+2016,1,9,-2.0,2010-2023,Portugal,Germany,South Africa,Farbertraube; Färbertraube; Pontak
Barsaglina,R,Italy,RHV,9,2016,20,9,-50.1,2010-2016,Italy,,,
Quagliano,R,Italy,RHV,9,2016,8,9,-1.3,2010-2016,Italy,,,
Nebbiera,R,Italy,RHV,9,2016,20,9,-28.5,2010-2016,Italy,,,
Zala Gyoengye,,,,9,2016,,9,,,Denmark,,,
Alionza,W,Italy,RHV,9,2016,41,9,-19.1,2010-2016,Italy,,,
Verduschia,W,Italy,VIVC,9,2016,15,9,-24.5,2010-2016,Italy,,,
Pecorello,W,Italy,VIVC,9,2016,16,9,-72.8,2010-2016,Italy,,,
Vien de Nus,R,Italy,RHV,9,2016,25,9,-31.1,2010-2016,Italy,,,
Notardomenico,R,Italy,RHV,9,2016,13,9,-4.6,2010-2016,Italy,,,
Neoplanta,W,Serbia,RHV,8,2023,,,,,Serbia,,,
Sacy,W,France,RHV,8,2023,63,8,-13.8,2010-2023,France,,,
Frumoasa Alba,W,Moldova,VIVC,8,2023,,8,,,Moldova,,,
Osennii Ciornai,R,Moldova,VIVC,8,2023,,8,,,Moldova,,,Osennii ciornîi
Crimson Seedless,R,United States,VIVC,8,2023,1,8,-0.0,2010-2023,Ethiopia,Peru,Argentina,
Batoca,W,Portugal,RHV,8,2023,80,8,-29.8,2010-2023,Portugal,,,
Dzelshavi Obchuri,R,Georgia,RHV,8,2023,,,,,Georgia,,,Dzelshavi
Caíño Longo,R,Spain,VIVC,8,2023,,,,,Spain,,,
Ehrenbreitsteiner,W,Germany,VIVC,8,2023,13,8,-20.0,2010-2023,Germany,,,
Pirene,R,Spain,other,8,2023,,,,,Spain,,,"Pirene, T"
Radisson,R,United States,RHV,8,2023,,8,,,Canada,,,
Fino de Ribera del Fresno,W,Spain,other,8,2023,332,8,-82.9,2010-2023,Spain,,,
Freisamer,W,Germany,RHV,8,2023,17,6,-9.0,2010-2023,Switzerland,Germany,,Freiburger; Freisamer / Freiburger
Miorita,W,Romania,VIVC,8,2016,,8,,,Romania,,,
Susumaniello,R,Italy,RHV,8,2016,62,8,-83.8,2010-2016,Italy,,,
Piculit Neri,R,Italy,RHV,8,2016,126,8,-62.3,2010-2016,Italy,,,
Cornarea,R,Italy,RHV,8,2016,22,8,-38.9,2010-2016,Italy,,,
Blattner Reds,R,Switzerland,other,8,2016,,8,-79.3,2010-2016,Canada,,,
Merlese,R,Italy,VIVC,8,2016,,8,-46.6,2010-2016,Italy,,,
Forastera,W,Italy,RHV,8,2016,543,8,-85.2,2010-2016,Italy,,,
Criolla Mediana,R,Argentina,VIVC,7,2023,1,7,113.9,2010-2023,Argentina,,,
Muscat Bleu,R,Switzerland,RHV,7,2023,,3,,,Switzerland,Belgium,Netherlands,
Zefír,W,Hungary,RHV,7,2023,,15,-85.1,2010-2023,Hungary,,,Zefir
Vlaška,W,Croatia,RHV,7,2023,,,,,Croatia,,,Vlaška Bijela
Osceola Muscat,W,United States,VIVC,7,2023,,7,,,Canada,,,
Hegel,R,Germany,VIVC,7,2023,10,7,-22.2,2010-2023,Germany,Poland,,
Palas,R,Germany,VIVC,7,2023,,7,,,Germany,,,
Vinyater,W,Spain,VIVC,7,2023,,,,,Spain,,,
Pozsonyi Fehér,W,Hungary,RHV,7,2023,,10,-33.1,2010-2023,Hungary,,,Pozsonyi; Pozsonyi Feher; Pozsonyi fehér
Castela,R,Portugal,VIVC,7,2023,,7,-15.1,2010-2023,Portugal,,,
Rubilande,G,France,VIVC,7,2023,3,7,-12.5,2010-2023,France,,,
Madeleines,W,France,other,7,2023,,7,-2.7,2010-2023,France,,,
Merlot Khorus,R,Italy,VIVC,7,2023,,0,,,Belgium,Netherlands,Switzerland,UD-31.125
Agni,R,Czech Rep.,RHV,7,2023,,,10.0,2010-2023,Czechia,,,
Orion,W,Germany,RHV,7,2023,8,7,-66.7,2010-2023,Denmark,Germany,Poland,
Cabernet Carol,R,Germany,RHV,7,2023,,6,,,Germany,Poland,Switzerland,
Bácska,G,Serbia,VIVC,7,2016,,7,,,Hungary,,,Baska
Blattner Whites,W,Switzerland,RHV,7,2016,,7,-72.6,2010-2016,Canada,,,
Catanese Nero,R,Italy,RHV,7,2016,76,7,-53.4,2010-2016,Italy,,,
Catalanesca,W,Italy,RHV,7,2016,,7,-87.2,2010-2016,Italy,,,
Roz de Minis,G,Romania,VIVC,7,2016,,7,,,Romania,,,
Bonda,R,Italy,RHV,7,2016,3,7,8.6,2010-2016,Italy,,,
Forsellina,R,Italy,RHV,7,2016,9,7,-8.2,2010-2016,Italy,,,
Morone,R,Italy,RHV,7,2016,22,7,-43.4,2010-2016,Italy,,,
Bijou Noir,R,Japan,other,6,2023,,,,,Japan,,,
Raffiat de Moncade,W,France,RHV,6,2023,16,6,-2.8,2010-2023,France,,,
Dunaj,R,Slovakia,RHV,6,2023,,,,,Czechia,Poland,,
Bokay,W,United States,VIVC,6,2023,,4,,,Brazil,,,
Tsvetochnyi,W,Russia,VIVC,6,2023,,,,,Poland,,,Jutrzenka
Fratava,R,Czechia,RHV,6,2023,,,,,Czechia,,,
Prč Bijeli,W,Croatia,VIVC,6,2023,,,,,Croatia,,,
Galego Dourado,W,Portugal,RHV,6,2023,5,6,-52.0,2010-2023,Portugal,,,Dourado; Galego; Pedro Luis
Genouillet,R,France,VIVC,6,2023,,,,,France,,,Genouillet N
Himrod,W,United States,VIVC,6,2023,,1,,,United States,,,
Vulcanus,W,Hungary,VIVC,6,2023,,5,29.6,2010-2023,Hungary,,,
Riesling Rot,R,Germany,VIVC,6,2023,,,,,Poland,,,Roter Riesling
Sušćan,R,Croatia,RHV,6,2023,,,,,Croatia,,,Sansigot
Rabigato Moreno,W,Portugal,VIVC,6,2023,,1,,,Spain,Portugal,,"Rabigato, Puesta En Cruz, B"
Brianna,W,United States,RHV,6,2023,,21,-52.3,2010-2023,United States,,,
Lomanto,R,United States,VIVC,6,2023,,3,,,United States,,,
VB 32-7,W,Switzerland,RHV,6,2023,,3,,,Switzerland,,,Blattner Vb 32-7; Sauvignon Soyhières; Sauvignon Soyhières (VB 32-7)
Clarin,W,France,VIVC,6,2023,11,6,-3.2,2010-2023,France,,,
Vertes Csillaga,W,Hungary,VIVC,6,2023,,11,-72.9,2010-2023,Hungary,,,Vértes Csillaga; Vértes csillaga
Mladinka,W,Croatia,RHV,6,2023,,,,,Croatia,,,Mladenka
Petite Milo,G,Switzerland,other,6,2023,,6,,,Canada,,,
Blattner Cabernet Foch,R,Switzerland,other,6,2023,,,,,Canada,,,
Cove,W,Italy,VIVC,6,2016,56,6,-5.8,2010-2016,Italy,,,
Pelaverga Piccolo,R,Italy,RHV,6,2016,24,6,-1.8,2010-2016,Italy,,,
Lagarino Bianco,W,Italy,RHV,6,2016,,6,-75.4,2010-2016,Italy,,,
Doux d'Henry,R,Italy,RHV,6,2016,26,6,-35.0,2010-2016,Italy,,,
Rambella,W,Italy,VIVC,6,2016,,6,4.4,2010-2016,Italy,,,Famoso
Dolciame,W,Italy,RHV,6,2016,6,6,-43.0,2010-2016,Italy,,,
Rossara Trentina,R,Italy,RHV,6,2016,29,6,-20.8,2010-2016,Italy,,,Rossara
Pallagrello Bianco,W,Italy,RHV,6,2016,,6,-89.7,2010-2016,Italy,,,
San Martino,R,Italy,RHV,6,2016,44,6,-70.1,2010-2016,Italy,,,
Mayolet,R,Italy,RHV,6,2016,4,6,-21.2,2010-2016,Italy,,,
Nehelescol,W,Israel,VIVC,6,2016,,6,,,South Africa,,,Kanaan
Budai Zöld,W,Hungary,RHV,5,2023,,6,-11.5,2010-2023,Hungary,,,Budai
Rubintos,R,Hungary,RHV,5,2023,,13,-70.3,2010-2023,Hungary,,,
Adalmiina,W,United States,RHV,5,2023,,5,,,Canada,Poland,,Aldamiina
Soić Crni,R,Croatia,VIVC,5,2023,,,,,Croatia,,,
Glavinuša,R,Croatia,RHV,5,2023,,,,,Croatia,,,
Aromella,W,United States,VIVC,5,2023,,3,,,United States,,,Aromella (NY 76)
Rubin Tairovsky,R,Ukraine,RHV,5,2023,2,5,160.8,2010-2023,Moldova,,,Rubin Tairovski
Heunisch Weiss,W,unknown,VIVC,5,2023,,,,,Croatia,Belgium,Netherlands,Stara Hrvatska Belina
Melody,W,United States,VIVC,5,2023,,,,,United States,,,
Marquinhas,W,Portugal,VIVC,5,2023,,5,-53.1,2010-2023,Portugal,,,
Sovereign Opal,W,Canada,VIVC,5,2023,,3,77.2,2010-2023,Canada,,,
Voltis,W,France,VIVC,5,2023,,,,,Belgium,Netherlands,,
Rufete Serrano Blanco,W,Portugal,RHV,5,2023,,,,,Spain,,,"Rufete Serrano Blanco, B"
Musann Blanc,W,Taiwan,other,5,2023,,5,,,Taiwan,,,
Ar99,G,Peru,other,5,2023,3,5,0.0,2010-2023,Peru,,,
Lado,W,Spain,RHV,5,2023,1,2,400.0,2010-2023,Spain,,,
Scuppernong,W,United States,RHV,5,2023,,27,,,United States,Switzerland,,Muscadine; Muscadine (White)
Original,R,Ukraine,VIVC,5,2023,,5,,,Moldova,,,
Jázmin,W,Hungary,VIVC,5,2023,,2,,,Hungary,,,Jázmin (8/1)
Lariao,W,Portugal,VIVC,5,2023,,5,31.4,2010-2023,Portugal,,,
Pátria,W,Hungary,VIVC,5,2023,,5,65.1,2010-2023,Hungary,,,Patria
Aranel,W,France,RHV,5,2023,22,5,-5.5,2010-2023,France,,,
Meszi Kadarka,R,Hungary,VIVC,5,2023,,0,,,Hungary,,,Mészikadar
Sicilien,W,France,VIVC,5,2023,,5,-2.5,2010-2023,France,,,
Preto Cardana,R,Portugal,VIVC,5,2023,,5,-2.0,2010-2023,Portugal,,,
Suscan,R,Croatia,RHV,5,2023,,,-12.7,2010-2023,Croatia,,,Brajda Crna
Isa,W,France,VIVC,5,2023,,5,-51.5,2010-2023,France,,,
Demir Kapija,R,Macedonia,other,5,2023,,,,,Croatia,Serbia,,Demir Gate; Demir Kapija
Ekigaina,R,France,RHV,5,2023,5,3,-2.9,2010-2023,France,Uruguay,Argentina,
Varousset,R,France,VIVC,5,2023,12,5,-3.4,2010-2023,France,,,
Argentina,W,Argentina,VIVC,5,2023,,,,,Argentina,,,
Etraire de l'Adui,R,France,RHV,5,2023,8,5,-5.4,2010-2023,France,,,
Asirtiko Red,R,Greece,other,5,2016,22,5,6.4,2010-2016,Greece,,,
Invernenga,W,Italy,RHV,5,2016,32,5,-24.2,2010-2016,Italy,,,
Krassato,R,Greece,RHV,5,2016,38,5,-91.3,2010-2016,Greece,,,
Sirio,W,Italy,VIVC,5,2016,23,5,-61.9,2010-2016,Italy,,,
Nocera,R,Italy,RHV,5,2016,27,5,-65.9,2010-2016,Italy,,,
Goldtraminer,W,Italy,VIVC,5,2016,,5,-46.5,2010-2016,Italy,,,
Carica l'Asino,W,Italy,RHV,5,2016,299,5,-68.6,2010-2016,Italy,,,
Dindarella,R,Italy,RHV,5,2016,9,5,-27.0,2010-2016,Italy,,,
Rossese Bianco,W,Italy,RHV,5,2016,,5,-30.9,2010-2016,Italy,,,
Pinot Regina,R,Hunary,VIVC,4,2023,,,,,Hungary,,,
Gustopupica,R,Croatia,VIVC,4,2023,,,,,Croatia,,,Svrdlovina Crn
Perigo,W,Portugal,VIVC,4,2023,,4,8.7,2010-2023,Portugal,,,
Bolero,R,Germany,VIVC,4,2023,,4,,,Denmark,Poland,,
Santoal,W,Portugal,VIVC,4,2023,,4,-53.1,2010-2023,Portugal,,,
Cornichon Blanc,W,Italy,VIVC,4,2023,4,1,,,Argentina,Spain,,De Cuerno; Decuerno
Piroso,R,Germany,VIVC,4,2023,,4,,,Germany,Switzerland,,
Prairie Star,W,United States,RHV,4,2023,,23,-99.1,2010-2023,Canada,Poland,United States,
Champanel,R,United States,VIVC,4,2023,,1,,,United States,,,
Malvasia Parda,W,Portugal,VIVC,4,2023,,4,-5.6,2010-2023,Portugal,,,Farinheira
Vasilaki,W,Turkey,RHV,4,2023,3,4,10.5,2010-2023,Turkiye,,,
Karalahna,R,Turkey,RHV,4,2023,3,4,10.5,2010-2023,Turkiye,,,
Karasakiz,R,Turkey,RHV,4,2023,3,4,10.5,2010-2023,Turkiye,,,Kuntra
Buffalo,R,United States,VIVC,4,2023,,0,,,Japan,United States,Switzerland,
Castel,R,France,VIVC,4,2023,0,4,24.6,2010-2023,Canada,Denmark,,
Sercialinho,W,Portugal,RHV,4,2023,,4,-53.1,2010-2023,Portugal,,,
Vineland 53035,W,Canada,VIVC,4,2023,,4,,,Canada,,,V 53
Tinta Castañal,R,Spain,RHV,4,2023,,3,,,Spain,,,Castañal
Rachuli Mtsvane,W,Georgia,other,4,2023,,,,,Georgia,,,Mtsvane Rachuli
Tinto Jeroma,R,Spain,VIVC,4,2023,1,,,,Spain,,,"Tinto Jeromo, T"
Monvedro,R,Portugal,RHV,4,2023,14,4,-29.4,2010-2023,Portugal,,,
Merlot Kanthus,R,Italy,VIVC,4,2023,,,,,Slovenia,Poland,Belgium,Merlot Kantus
Crimson Cabernet,R,United States,VIVC,4,2023,,1,166.7,2010-2023,United States,Serbia,Poland,Crimson
Tinta Engomada,R,Portugal,VIVC,4,2023,,4,1.9,2010-2023,Portugal,,,Engomada
Cabertin,R,Germany,RHV,4,2023,,2,,,Switzerland,Belgium,Netherlands,Cabertin (VB 91-26-18); VB 91-26-17
Tinta Roseira,R,Portugal,VIVC,4,2023,,4,1.9,2010-2023,Portugal,,,Roseira
Blattner Brickett Red,R,Switzerland,other,4,2023,,,,,Canada,,,
Rubi,R,France,VIVC,4,2023,,,,,Uruguay,,,
Recantina,R,Italy,RHV,4,2016,,4,-56.8,2010-2016,Italy,,,
Cividin,W,Italy,RHV,4,2016,,4,2.5,2010-2016,Italy,,,
Schiava Grigia,R,Italy,RHV,4,2016,79,4,-94.1,2010-2016,Italy,,,
Castiglione,R,Italy,RHV,4,2016,83,4,-76.1,2010-2016,Italy,,,
Bracciola Nera,R,Italy,RHV,4,2016,89,4,-86.2,2010-2016,Italy,,,
San Lunardo,W,Italy,RHV,4,2016,22,4,-60.9,2010-2016,Italy,,,
Klarnica,W,Slovenia,RHV,3,2023,,,,,Slovenia,,,
Dauphine,W,South Africa,VIVC,3,2023,,,,,Argentina,,,
Cabernet Soyhières,R,Switzerland,other,3,2023,,1,,,Switzerland,,,
Satin Noir,R,Switzerland,VIVC,3,2023,,0,,,Belgium,Netherlands,Poland,Satin Noir ; VB 91-26-29
Bicane,W,France,VIVC,3,2023,,,,,Argentina,,,
Tinta do Rodo,R,Portugal,VIVC,3,2023,,3,-2.1,2010-2023,Portugal,,,Rodo
Gouget Noir,R,France,RHV,3,2023,1,3,-65.8,2010-2023,France,,,
Lambrusco,R,Italy,RHV,3,2023,42,2,-57.0,2010-2023,Brazil,,,
Drnekuša,R,Croatia,RHV,3,2023,,,,,Croatia,,,
Pasiga,R,Argentina,VIVC,3,2023,,,,,Argentina,,,
Aravelle,W,United States,VIVC,3,2023,,,,,United States,,,
Promissao,W,Portugal,VIVC,3,2023,,3,-47.6,2010-2023,Portugal,,,
Malvarisco,R,Portugal,VIVC,3,2023,,3,1.1,2010-2023,Portugal,,,
Rabo de Lobo,R,Portugal,VIVC,3,2023,,3,-2.1,2010-2023,Portugal,,,
Exalta,W,France,VIVC,3,2023,,3,-12.7,2010-2023,France,,,
Ganson,R,France,RHV,3,2023,28,3,-2.9,2010-2023,France,,,
Louise Swenson,W,United States,RHV,3,2023,,5,-58.6,2010-2023,Canada,United States,,
Kadarun,R,Turkey,VIVC,3,2023,,,,,Croatia,,,
Moscadet,W,Portugal,VIVC,3,2023,,3,-16.7,2010-2023,Portugal,,,
Trobat,R,Spain,VIVC,3,2023,83,3,205.6,2010-2023,Spain,,,Panse Negro
Blattner Cal 1-36,R,Switzerland,VIVC,3,2023,,1,,,Switzerland,,,VB Cal 1-36; Vb Cal 136
Csókaszőlő,R,Hungary,RHV,3,2023,,2,35.7,2010-2023,Hungary,,,Csokaszolo
Koenigin Der Weingaerten,W,Hungary,VIVC,3,2023,,,,,Croatia,,,Queen Of Vineyards
Monerac,R,France,RHV,3,2023,2,3,-3.3,2010-2023,France,,,
Reberger,R,Germany,RHV,3,2023,,2,,,Germany,Poland,Belgium,
Triomphe,R,France,RHV,3,2023,,3,,,Canada,Poland,Switzerland,Triomphe d´Alsace; Triumf Alzacji
Madeleine Royale,W,France,VIVC,3,2023,,3,-11.8,2010-2023,Portugal,France,,Branco Especial
Blattner Cabernet Libre,R,Switzerland,other,3,2023,,,,,Canada,,,
Malvasia di Sardegna Rosada,G,Spain,VIVC,3,2023,,3,2.2,2010-2023,Portugal,,,Malvasia Candida Roxa
Favorit,W,Hungary,VIVC,3,2023,,3,,,Moldova,Hungary,,
Kármin,R,Hungary,VIVC,3,2023,,24,-92.0,2010-2023,Hungary,,,Karmin
Pexem,R,Portugal,VIVC,3,2023,,3,-18.4,2010-2023,Portugal,,,Arjuncao
Somerset Seedless,G,United States,VIVC,3,2023,,1,,,United States,Canada,,Somerset
Caberne Jjura,R,Switzerland,RHV,3,2023,,,,,Belgium,Netherlands,,Cabernetjura
Villaris,W,Germany,VIVC,3,2023,,,,,Lithuania,Poland,,
Gramon,R,France,RHV,3,2023,14,3,-2.9,2010-2023,France,,,
Çavuş,W,Turkey,RHV,3,2023,,3,,,Turkiye,,,
Mourvaison,R,France,VIVC,3,2023,9,3,-2.5,2010-2023,France,,,
Guzun,W,Moldova,VIVC,3,2023,,3,,,Moldova,,,
Gargiulo 4113,R,Argentina,VIVC,3,2023,7,3,-56.9,2010-2023,Argentina,,,C.G.4113 (Inta)
Bequignol Gris,W,France,VIVC,3,2023,,2,-2.6,2010-2023,Hungary,,,Pintes
Verdial Tinto,R,Portugal,VIVC,3,2023,,3,-2.0,2010-2023,Portugal,,,
Lauzet,W,France,RHV,3,2023,1,3,-2.8,2010-2023,France,,,
Barreto de Semente,R,Portugal,VIVC,3,2023,,3,1.2,2010-2023,Portugal,,,Barreto
Jubiläumsrebe,G,Austria,RHV,3,2023+2016,61,7,-82.6,2010-2023,Austria,Hungary,,Jubilaumsrebe; Jubileumsrebe
Verdesse,W,France,RHV,3,2023+2016,8,3,-38.7,2010-2023,France,Italy,,
Vuillermin,R,Italy,RHV,3,2016,0,3,-31.7,2010-2016,Italy,,,
Batuta Neagra,R,Moldova,VIVC,3,2016,,3,,,Romania,,,
Fogarina,R,Italy,RHV,3,2016,,3,-42.3,2010-2016,Italy,,,
Incrocio Bruni 54,W,Italy,RHV,3,2016,12,3,-71.5,2010-2016,Italy,,,
Haiduc,R,Romania,VIVC,3,2016,,3,,,Romania,,,
Lambrusco Barghi,R,Italy,RHV,3,2016,,3,-85.4,2010-2016,Italy,,,
Sciaglin,W,Italy,RHV,3,2016,4,3,-46.4,2010-2016,Italy,,,
Bussanello,W,Italy,RHV,3,2016,8,3,-74.5,2010-2016,Italy,,,
Forgiarin,R,Italy,RHV,3,2016,2,3,-30.2,2010-2016,Italy,,,
Amurg,R,Romania,VIVC,3,2016,,3,,,Romania,,,
Muscat of Alexandria (R),W,Greece,RHV,3,2016,,3,,,South Africa,,,Muscat Of Alexandria Red; Red Hanepoot
Passau,R,Italy,RHV,3,2016,12,3,-33.9,2010-2016,Italy,,,
Flavis,W,Italy,RHV,3,2016,12,3,-15.3,2010-2016,Italy,,,
Ervi,R,Italy,RHV,3,2016,5,3,-19.6,2010-2016,Italy,,,
Palarusa,W,Croatia,VIVC,2,2023,,,,,Croatia,,,Okatica Bijela
Margot,R,Brazil,VIVC,2,2023,,2,,,Brazil,,,BRS Margot
Kolor,R,Germany,VIVC,2,2023,,7,,,New Zealand,,,
Espirit,W,United States,RHV,2,2023,,2,,,United States,,,Esprit
Swenson White,W,United States,RHV,2,2023,,2,,,Canada,,,
Bakator Kék,R,Hungary,VIVC,2,2023,,2,-6.7,2010-2023,Hungary,,,Bakator Kek; Kek Bakator; Kék bakator
Borsmenta,W,Hungary,VIVC,2,2023,,1,,,Hungary,,,
Rozala Bianca,W,Hungary,VIVC,2,2023,,2,50.5,2010-2023,Hungary,,,Rozalia; Rozália
Aledo,W,Spain,VIVC,2,2023,,2,-67.6,2010-2023,Spain,,,
Perlon,R,Argentina,VIVC,2,2023,,,,,Argentina,Croatia,,
Castelo Branco,W,Portugal,VIVC,2,2023,,2,-53.1,2010-2023,Portugal,,,
Kanella,W,Cyprus,VIVC,2,2023,,,,,Cyprus,,,
Pinot Kors,R,Italy,VIVC,2,2023,,,,,Belgium,Netherlands,,
Sárfehér,W,Hungary,VIVC,2,2023,,2,,,Hungary,,,Sarfeher
Amurensis,R,China,VIVC,2,2023,,,,,Japan,,,
Clinton,R,United States,RHV,2,2023,,0,,,Serbia,Switzerland,,
Rosaki,W,Turkey,other,2,2023,,2,,,Spain,,,
Kurtelaška,W,Croatia,VIVC,2,2023,,,,,Croatia,,,
Muscat Odesskiy,,Ukraine,other,2,2023,,,,,Poland,,,Muscat Odesskii
Einset Seedless,G,United States,VIVC,2,2023,,0,,,United States,Canada,Poland,Einset
Danuta,W,France,VIVC,2,2023,,2,-3.2,2010-2023,France,Serbia,,
New York Muscat and VG4111,R,United States,RHV,2,2023,,2,,,Canada,,,
Boal Vencedor,W,Portugal,RHV,2,2023,,2,-16.0,2010-2023,Portugal,,,Vencedor
Valiant,R,United States,RHV,2,2023,,11,-81.3,2010-2023,United States,,,
Oraniensteiner,W,Germany,RHV,2,2023,,2,23.9,2010-2023,Canada,,,
Kishmish Rozovyi,R,Azerbaijan,VIVC,2,2023,,,,,Argentina,,,
Hölder,W,Germany,RHV,2,2023,12,2,-60.0,2010-2023,Germany,,,Holder
Prinzipal,W,Germany,RHV,2,2023,,2,,,Germany,,,
Querol,R,Spain,VIVC,2,2023,,,,,Spain,,,"Querol, T"
Shinano Riesling,W,Japan,VIVC,2,2023,,,,,Japan,,,
Tskhvedianis Tetra,W,Georgia,VIVC,2,2023,,,,,Georgia,,,
Estaladiña,R,Spain,VIVC,2,2023,,,,,Spain,,,"Estaladiña, T"
Mariensteiner,W,Germany,VIVC,2,2023,9,2,,,Germany,,,
Perdea,W,France,VIVC,2,2023,13,2,-18.2,2010-2023,France,,,
Mourisco de Trevoes,R,Portugal,VIVC,2,2023,,2,0.9,2010-2023,Portugal,,,
Serbia,R,Serbia,VIVC,2,2023,,,,,Serbia,,,
Triunfo,R,Portugal,VIVC,2,2023,,2,0.3,2010-2023,Portugal,,,
Palava,G,Czech Rep.,RHV,2,2023,,,,,Serbia,Poland,,
Jurançon Blanc,W,France,RHV,2,2023,24,2,-72.4,2010-2023,France,,,Jurancon Blanc
Cabral,R,Portugal,RHV,2,2023,,2,1.2,2010-2023,Portugal,,,Malvasia Cabral
Campanario,R,Portugal,VIVC,2,2023,,2,-2.1,2010-2023,Portugal,,,
Branco Escola,W,Portugal,VIVC,2,2023,,2,2.0,2010-2023,Portugal,,,Pintosa
Madeleine Sylvaner,W,Portugal,VIVC,2,2023,,6,-70.8,2010-2023,Canada,,,
Merzling,W,Germany,RHV,2,2023,5,1,,,Germany,Belgium,Netherlands,
Olivette Blanche,W,France,VIVC,2,2023,,2,-2.5,2010-2023,France,,,
Black Prince,R,United States,VIVC,2,2023,,1,,,Chile,,,San Francisco
Cabernet Foch,R,Switzerland,other,2,2023,,2,,,Canada,,,
Chelois,R,France,RHV,2,2023,,2,19.8,2010-2023,United States,France,,
Alvar Roxo,G,Portugal,RHV,2,2023,,2,3.2,2010-2023,Portugal,,,
Siegfriedrebe,W,Germany,VIVC,2,2023,,2,,,Canada,,,Siegfried
David Macgregor 8521-1,R,United States,VIVC,2,2023,,2,,,Canada,,,DM 8521-1
Eona,W,United States,RHV,2,2023,,2,,,Canada,,,
Sibera,W,Germany,VIVC,2,2023,,,,,Poland,,,
Beogradska Rana,W,Serbia,VIVC,2,2023,,,,,Serbia,,,
Sublima Seedless,W,Argentina,other,2,2023,,,,,Croatia,Serbia,,Sublima; Sublima Besemena
Marquis,W,United States,VIVC,2,2023,,1,,,United States,,,
Muscat de Bugeac,R,Moldova,VIVC,2,2023,,2,,,Moldova,,,
Babosa de Madere,W,Portugal,VIVC,2,2023,,2,-23.7,2010-2023,Portugal,,,Babosa
Dišeća Ranina,W,Croatia,RHV,2,2023,,,-13.7,2010-2023,Croatia,,,Diseca Ranina
Rayon d'Or,W,France,RHV,2,2023,1,6,-77.9,2010-2023,France,Belgium,Netherlands,Rayon D'Or; Rayon D'Or B
Palatina,W,Hungary,VIVC,2,2023,,3,-74.8,2010-2023,Hungary,Belgium,Poland,PRIM
Piquepoul Gris,G,France,VIVC,2,2023,9,2,-3.1,2010-2023,France,,,
Lafnetscha,W,Switzerland,RHV,2,2023,1,2,,,Switzerland,,,
L'Acadie Blanc,W,Canada,RHV,2,2023,,,,,Canada,,,
Kay Gray,W,United States,RHV,2,2023+2016,,2,3.5,2010-2016,United States,Canada,,Key Gray
Scimiscia,W,Italy,RHV,2,2023+2016,,2,-69.6,2010-2016,Italy,France,,
Grapariol,W,Italy,RHV,2,2016,,2,6.9,2010-2016,Italy,,,
Fertilia,R,Italy,RHV,2,2016,13,2,-39.8,2010-2016,Italy,,,
Santa Maria,W,Italy,RHV,2,2016,15,2,-42.8,2010-2016,Italy,,,
Impigno,W,Italy,RHV,2,2016,60,2,-75.8,2010-2016,Italy,,,
Fubiano,W,Italy,RHV,2,2016,2,2,-74.2,2010-2016,Italy,,,
Turchetta,R,Italy,VIVC,2,2016,,2,-18.6,2010-2016,Italy,,,
Albaranzeuli Bianco,W,Italy,RHV,2,2016,72,2,-64.6,2010-2016,Italy,,,
Alutus,R,Romania,VIVC,2,2016,,2,,,Romania,,,
Erbamat,W,Italy,RHV,2,2016,,2,-93.6,2010-2016,Italy,,,Verdealbara
Uva del Tunde,R,Italy,VIVC,2,2016,,2,-0.5,2010-2016,Italy,,,
Termarina Rossa,G,Italy,RHV,2,2016,,2,-88.2,2010-2016,Italy,,,Termarina
Roussin,R,Italy,RHV,2,2016,3,2,-49.2,2010-2016,Italy,,,
Sennen,R,Italy,VIVC,2,2016,,2,-77.7,2010-2016,Italy,,,
Weldra,W,South Africa,VIVC,2,2016,,2,,,South Africa,,,
Cellerina,R,Italy,VIVC,2,2016,,2,0.0,2010-2016,Italy,,,Slarina
Baratuciat,W,Italy,RHV,2,2016,,2,2.8,2010-2016,Italy,,,
Colomino,W,South Africa,RHV,2,2016,,2,,,South Africa,,,
Cinsaut (G),R,France,RHV,2,2016,,2,,,South Africa,,,Cinsaut Gris
Albanello,W,Italy,RHV,2,2016,117,2,-88.3,2010-2016,Italy,,,
Francavidda,W,Italy,RHV,2,2016,86,2,-87.8,2010-2016,Italy,,,
Perera,W,Italy,RHV,2,2016,25,2,-50.4,2010-2016,Italy,,,
Cordenossa,R,Italy,RHV,2,2016,,2,-66.4,2010-2016,Italy,,,
Sauvitage,W,Germany,VIVC,1,2023,,,,,Poland,Lithuania,,
Muskat Zhemchuzhnyi,W,Ukraine,VIVC,1,2023,,1,,,Moldova,,,Muscat jemciujenîi
Petra,W,Serbia,RHV,1,2023,,,,,Serbia,,,Petka
Cabernet Volos,R,Italy,VIVC,1,2023,,,,,Poland,Serbia,,
Semebat,R,France,VIVC,1,2023,2,1,-14.9,2010-2023,France,,,
Jupiter,,United StatesR,VIVC,1,2023,,,,,United States,,,
Vanessa,R,Vanessa,other,1,2023,,,,,United States,,,
Pionnier,R,United States,RHV,1,2023,,1,,,Canada,,,
Apiren Alb,W,Moldova,VIVC,1,2023,,1,,,Moldova,,,
Bianka,W,Hungary,RHV,1,2023,,,,,Poland,,,
Siramé,R,Switzerland,RHV,1,2023,,0,,,Poland,Switzerland,,Salome; Sirame
Codivarta,W,France,RHV,1,2023,3,1,-38.6,2010-2023,France,,,
Baron,R,Germany,VIVC,1,2023,,1,,,Germany,Poland,Switzerland,
Estreito Macio,W,Portugal,VIVC,1,2023,,1,-53.1,2010-2023,Portugal,,,
Courbu Noir,R,France,RHV,1,2023,2,1,-2.9,2010-2023,France,,,
Dona Zillá,R,Brazil,other,1,2023,,1,,,Brazil,,,
Liliorila,W,France,RHV,1,2023,3,1,-65.4,2010-2023,France,Switzerland,,
Red Millennium,R,Japan,VIVC,1,2023,,2,,,Japan,,,
Tamarugal,W,Chile,RHV,1,2023,,1,,,Chile,,,
Pergolin,W,Slovenia,VIVC,1,2023,,,,,Slovenia,,,
Milgranet,R,France,RHV,1,2023,2,1,-5.7,2010-2023,France,,,
Mézes Fehér,W,Hungary,RHV,1,2023,,1,-71.7,2010-2023,Hungary,Serbia,,Honigler; Mezes; Mezes Feher; Mézes
Začinak,R,Serbia,RHV,1,2023,,,,,Serbia,,,
Kocsis Irma,W,Hungary,VIVC,1,2023,,2,-88.1,2010-2023,Hungary,,,Koksis Irma
Knipperle,W,France,VIVC,1,2023,,,,,Croatia,,,Ortlieber Gelber
Yubilei Zhuravlya,R,Moldova,VIVC,1,2023,,1,,,Moldova,,,Iubilei Juravelea
Centennial Seedless,W,United States,VIVC,1,2023,2,1,,,Spain,,,Centenial Seedless
Mars,R,United States,VIVC,1,2023,,2,-38.8,2010-2023,United States,,,Mars Seedless
Thomcord,R,United States,VIVC,1,2023,,,,,United States,,,
Lakemont Seedless,W,United States,VIVC,1,2023,,,,,United States,,,Lakemont
Tinta Mesquita,R,Portugal,VIVC,1,2023,,1,2.0,2010-2023,Portugal,,,
Hasansky Sladky,R,Ukraine,VIVC,1,2023+2016,,1,,,Canada,United States,,Baltica
Armonoir,R,Japan,VIVC,1,2023,,,,,Japan,,,
Pecsi Szagos,W,Hungary,VIVC,1,2023,,1,12.5,2010-2023,Hungary,,,Zold Szagos; Zöld Szagos; Zöld szagos
Canela,G,Argentina,VIVC,1,2023,0,3,-10.4,2010-2023,Argentina,,,
Grangeal,R,Portugal,VIVC,1,2023,,1,1.7,2010-2023,Portugal,,,
Graisse,W,France,RHV,1,2023,22,1,-91.5,2010-2023,France,,,
Orpheus,W,Hungary,VIVC,1,2023,,2,,,Hungary,,,
Mediana,,,,1,2023,,,,,Serbia,,,
Gouais Blanc,W,France,RHV,1,2023,1,1,,,Switzerland,Croatia,Belgium,Belina Hižakovo; Gouais/Gwäss
Marfal,W,Spain,VIVC,1,2023,35,1,-43.2,2010-2023,Spain,,,Huerta del Rey
Juodupe,R,Lithuania,VIVC,1,2023,,,,,Lithuania,,,
Grocanka,W,Serbia,VIVC,1,2023,,,,,Serbia,,,
Castellana Blanca,W,Spain,VIVC,1,2023,,1,,,Spain,,,
Kai Noir,R,Japan,VIVC,1,2023,,,,,Japan,,,
Semillon,W,France,other,1,2023,,,,,Japan,,,Saint-Semillon
Trilla,W,Hungary,VIVC,1,2023,,1,0.0,2010-2023,Hungary,,,
Perlaut,W,France,VIVC,1,2023,,1,-2.8,2010-2023,France,,,
Réselle,W,Switzerland,RHV,1,2023,,1,,,Switzerland,,,
Sovereign Coronation,R,Canada,VIVC,1,2023,,1,,,Canada,United States,,"Sovereign Coro- Nation; Sovereign, Coronation, etc."
Beogradska Besemena,W,Serbia,VIVC,1,2023,,,,,Serbia,,,
Bratkovina Bijela,W,Croatia,RHV,1,2023,,,,,Croatia,,,Bratkovina
Tinta Varejoa,R,Portugal,VIVC,1,2023,,1,2.0,2010-2023,Portugal,,,Varejoa
Muscat Blanc à Petits Grains Noir,R,Greece,other,1,2023,,,,,Croatia,,,Muscat Noir
Geilweilerhof Ga- 48- 12,W,Germany,VIVC,1,2023,,1,,,Switzerland,,,GF 48-12
Romulus,W,United States,VIVC,1,2023,,1,,,Moldova,Poland,,romulus
Tinta Pereira,R,Portugal,VIVC,1,2023,,1,-1.6,2010-2023,Portugal,,,
Birstaler Muskat,W,Switzerland,RHV,1,2023,,1,,,Switzerland,,,
Yaqui,R,Spain,VIVC,1,2023,22,1,-49.2,2010-2023,Spain,,,
Sauvignon Rytos,W,Italy,VIVC,1,2023,,,,,Poland,Belgium,Netherlands,
Fleurtai,W,Italy,VIVC,1,2023,,0,,,Poland,Slovenia,Switzerland,Fleurtai (UD-34.111)
Selma Blanca,W,Spain,VIVC,1,2023,,,,,Spain,,,"Selma Blanca, B"
Rosa Arica,R,Peru,other,1,2023,1,1,0.0,2010-2023,Peru,,,
Fontanara,W,Germany,VIVC,1,2023,2,1,,,Germany,,,
Imperial Seedless,G,Peru,other,1,2023,1,1,0.0,2010-2023,Peru,,,
Septimer,G,Germany,VIVC,1,2023,,1,,,Germany,,,
Epero,R,Spain,VIVC,1,2023,,,,,Spain,,,"Esperó De Gall, T"
Ar110,G,Peru,RHV,1,2023,1,1,0.0,2010-2023,Peru,,,
Accent,R,Germany,VIVC,1,2023,,1,,,Germany,,,
Silcher,W,Germany,VIVC,1,2023,8,1,,,Germany,,,
Albany Surprise,R,New Zealand,other,1,2023,,,,,New Zealand,,,Albanys Surprise
Moribel,R,Spain,VIVC,1,2023,,,,,Spain,,,"Moribel, T"
Riesling Forte,W,Japan,VIVC,1,2023,,2,,,Japan,,,
Donauveltliner,W,Austria,VIVC,1,2023,,,,,Poland,,,
Rayada Melonera,R,Spain,VIVC,1,2023,,1,-19.1,2010-2023,Portugal,,,Corropio
Gascon,R,France,RHV,1,2023,0,1,,,France,,,
Reliance,R,United States,VIVC,1,2023,,4,-88.6,2010-2023,Canada,United States,,Reliance Seedless
Malvasia delle Lipari,W,Italy,other,1,2023,,,,,Serbia,,,Liparia
Laska,R,Austria,VIVC,1,2023,1,0,,,Hungary,,,
Chardonnay Rose,R,France,RHV,1,2023,,,,,Poland,Belgium,Netherlands,Chardonnay Rosa; Chardonnay Rose 
Calrao,R,Portugal,VIVC,1,2023,,1,-13.4,2010-2023,Portugal,,,
Dugovrst,W,Croatia,VIVC,1,2023,,,,,Croatia,,,
Ahmeur Bou Ahmeur,R,Algeria,VIVC,1,2023,3,0,,,Argentina,Chile,,Argelina
Joannes Seyve,R,France,VIVC,1,2023,3,1,,,France,,,
Samarrinho,W,Portugal,VIVC,1,2023,,1,-33.0,2010-2023,Portugal,,,
Ederena,R,France,RHV,1,2023,0,1,,,France,Switzerland,,
Jardovany Fekete,R,Hungary,VIVC,1,2023,,0,,,Hungary,,,Fekete Jádorvány; Fekete Járdovány
Dedo de Dama,W,Portugal,VIVC,1,2023,,1,,,Portugal,,,Almenhaca; Alminhaca
Viktor,W,Hungary,VIVC,1,2023,,,,,Hungary,,,
Geisenheim 318- 57,W,Germany,VIVC,1,2023,,,,,United States,,,Gm 318
Iona,R,United States,VIVC,1,2023,,,,,United States,,,
Largrein,R,Italy,RHV,1,2023,,,,,United States,,,
Rosette,R,France,VIVC,1,2023,,,,,Canada,,,
Roal,R,Portugal,VIVC,1,2023,,1,-32.4,2010-2023,Portugal,,,Rual
Rose Ciotat,W,Japan,VIVC,1,2023,,2,,,Japan,,,
Krisztaly,W,Hungary,VIVC,1,2023,,,,,Poland,,,Kristaly
Korona,W,Hungary,VIVC,1,2023,,1,,,Hungary,,,
Landot Noir,R,France,RHV,1,2023,0,3,-75.5,2010-2023,France,United States,,Landot
Coracao de Galo,R,Portugal,VIVC,1,2023,,1,,,Portugal,,,
Roussette d'Ayze,W,France,RHV,1,2023,3,1,-38.7,2010-2023,France,,,
VB 91-26-25,R,Switzerland,other,1,2023,,1,,,Switzerland,,,
Picardan,W,France,RHV,1,2023,,1,,,France,,,
Bouillet,R,France,VIVC,1,2023,2,1,,,France,,,
Ignea,G,Italy,VIVC,1,2023,,1,,,France,,,
Silvaner Rot,R,Austria,RHV,1,2023,,,,,Japan,,,Silvane
Ravat,R,France,VIVC,1,2023,1,1,,,France,,,
Tinta de Cidadelhe,R,Portugal,VIVC,1,2023,,1,,,Portugal,,,Cidadelhe
Goncalo Pires,R,Portugal,VIVC,1,2023,,1,,,Portugal,,,
Parreira Matias,R,Portugal,VIVC,1,2023,,1,,,Portugal,,,
Aubin Blanc,W,France,RHV,1,2023,1,1,,,France,,,
Osteiner,W,Germany,RHV,1,2023,3,1,,,New Zealand,,,
Crveni Drenak,W,Turkey,other,1,2023,,,,,Serbia,Croatia,,
Oeillade Bousche,R,France,VIVC,1,2023,10,1,,,France,,,
Claverie,W,France,RHV,1,2023,3,1,,,France,,,
Rouge de Fully,R,Switzerland,RHV,1,2023,,1,,,Switzerland,,,Durize
Solira,W,Italy,VIVC,1,2023,,,,,Poland,,,
Devin,W,Slovakia,RHV,1,2023,,,,,Poland,,,Devín
Kentville White 94-2,W,Canada,VIVC,1,2023,,1,,,Canada,,,KW 94-2
Csomorika,W,Hungary,RHV,1,2023,,0,,,Hungary,,,
Montreal Blues,R,United States,VIVC,1,2023,,1,,,Canada,,,Montreal blue
Huasquina Pisquera,,Chile,VIVC,1,2023,,,,,Chile,,,Huasquina
Bagrina,W,Hungary,RHV,1,2023,,,,,Serbia,,,Bagrina Rosie
Mandon,R,Spain,RHV,1,2023,261,1,,,Spain,,,
Tinta da Melra,R,Portugal,VIVC,1,2023,,1,,,Portugal,,,Melra
Sremska Zelenika,W,Serbia,VIVC,1,2023,,0,,,Serbia,Hungary,,Szeremi Zold; Szerémi Zöld; Szerémi zöld
Vênus,R,United States,VIVC,1,2023,,0,-66.8,2010-2023,Brazil,United States,,Venus
Calmeria,W,United States,VIVC,1,2023,,0,,,Spain,Croatia,,
Pe Comprido,W,Portugal,VIVC,1,2023,,1,-45.9,2010-2023,Portugal,,,
BX 81-83,R,Switzerland,RHV,1,2023,,1,,,Switzerland,,,
Tardia de Caxias,G,Brazil,VIVC,1,2023,,0,,,Brazil,,,
Sauvignon Kretos,W,Italy,VIVC,1,2023,,,,,Poland,,,
Andor,W,Hungary,VIVC,1,2023,,1,,,Hungary,,,
Zlatarica Blatska,W,Croatia,RHV,1,2023,,,,,Croatia,,,Zlatarica Blatsk
Rutilia,W,Argentina,VIVC,1,2023,,,,,Argentina,,,
Tinta Valdosa,R,Portugal,VIVC,1,2023,,1,,,Portugal,,,Valdosa
Osceola,W,United States,VIVC,1,2023,,,,,Lithuania,,,
Bilina Privlačka,W,Croatia,VIVC,1,2023,,,,,Croatia,,,Maraština Privlačka
Early Muscat,W,United States,RHV,1,2023,,,,,Croatia,Serbia,,
Mindelo,R,Portugal,VIVC,1,2023,,1,,,Portugal,,,
Muscato Gialio,W,Italy,other,1,2023,,,,,United States,,,
Sao Mamede,W,Portugal,VIVC,1,2023,,1,,,Portugal,,,S. Mamede
Blattner Cal 1-22,R,Switzerland,VIVC,1,2023,,0,,,Switzerland,Belgium,Netherlands,VB Cal 1-22; Vb Cal. 1-22
Orelo Belo,W,United States,other,1,2023,,,,,Serbia,,,
Ruggine,W,Italy,RHV,1,2016,,1,-41.0,2010-2016,Italy,,,
Bric,R,Italy,VIVC,1,2016,21,1,-37.4,2010-2016,Italy,,,
Fenile,W,Italy,RHV,1,2016,,1,-85.1,2010-2016,Italy,,,
Negru Aromat,R,Romania,VIVC,1,2016,,1,,,Romania,,,
Ripolo,W,Italy,RHV,1,2016,,1,-3.3,2010-2016,Italy,,,
Donaris,W,Romania,VIVC,1,2016,,1,,,Romania,,,
Rosciola,G,Italy,VIVC,1,2016,,1,-54.5,2010-2016,Italy,,,Rosciola rose
Incrocio Bianco Fedit 51,W,Italy,RHV,1,2016,11,1,-82.7,2010-2016,Italy,,,
Moradella,R,Italy,RHV,1,2016,,1,-76.2,2010-2016,Italy,,,
Nigra,R,Italy,RHV,1,2016,7,1,-56.1,2010-2016,Italy,,,
Pinot Noir Precoce,,,,1,2016,,1,,,Denmark,,,
Uvalino,R,Italy,RHV,1,2016,,1,0.0,2010-2016,Italy,,,
Cabernet Dore,W,United States,VIVC,1,2016,,1,3.5,2010-2016,United States,,,
Tronto,R,Italy,RHV,1,2016,,1,-35.9,2010-2016,Italy,,,
Melara,W,Italy,RHV,1,2016,13,1,-46.6,2010-2016,Italy,,,
Unirea,W,Romania,VIVC,1,2016,,1,,,Romania,,,
Pampanaro,W,Italy,VIVC,1,2016,,1,-83.6,2010-2016,Italy,,,
Batily,R,Greece,other,1,2016,38,1,-98.0,2010-2016,Greece,,,
Ginestra,W,Italy,RHV,1,2016,,1,-86.5,2010-2016,Italy,,,
Roviello Bianco,W,Italy,RHV,1,2016,,1,-53.2,2010-2016,Italy,,,
Rosina,W,Romania,VIVC,1,2016,,1,,,Romania,,,
Perla dei Vivi,R,Italy,VIVC,1,2016,,1,,,Italy,,,
Cianorie,R,Italy,RHV,1,2016,,1,-45.9,2010-2016,Italy,,,Cjanorie
Cavrara,R,Italy,RHV,1,2016,,1,-93.8,2010-2016,Italy,,,
Timpuriu de Cluj,W,Romania,VIVC,1,2016,,1,,,Romania,,,
Arcas,R,Romania,VIVC,1,2016,,1,,,Romania,,,
Okanagan Riesling,W,United States,VIVC,0,2023,,0,,,Canada,,,
Sauvignon Sary,W,Germany,VIVC,0,2023,,,,,Poland,,,
Zilga,R,Latvia,VIVC,0,2023,,,,,Lithuania,,,
Rio Grande,W,Portugal,RHV,0,2023,4,0,,,Portugal,,,
Assaraky,W,Portugal,VIVC,0,2023,,0,-53.1,2010-2023,Portugal,,,Assaraka
Sirius,W,Germany,VIVC,0,2023,2,,,,Belgium,Netherlands,,
Messiás,R,Hungary,VIVC,0,2023,,,,,Hungary,,,
Sylver,W,Hungary,VIVC,0,2023,,,,,Hungary,,,
Blattner Cal 1-20,R,Switzerland,VIVC,0,2023,,0,,,Switzerland,,,VB Cal 1-20
Malingre Precoce,W,France,VIVC,0,2023,3,0,,,France,,,Precoce De Malingre
Caramela,W,Portugal,VIVC,0,2023,,0,,,Portugal,,,
Apiren Roz,R,Moldova,VIVC,0,2023,,0,,,Moldova,,,
Zalan,W,Hungary,VIVC,0,2023,,,,,Hungary,,,Füredgyöngye (kisérleti fajta)
Affenthaler,R,Germany,RHV,0,2023,,,,,United States,,,Affentaler
Diana,R,United States,RHV,0,2023,,,,,United States,,,
Van Buren,R,Armenia,RHV,0,2023,,,,,United States,,,
Augster Weiss,W,Hungary,VIVC,0,2023,,1,,,Hungary,,,Goher; Gohér
Dattier de St. Vallier,W,France,VIVC,0,2023,,0,,,France,,,
La Crosse,W,United States,RHV,0,2023,,26,-98.4,2010-2023,United States,,,
Ljutun,R,Croatia,RHV,0,2023,,,,,Croatia,Serbia,,Plavac Black
Opsimos Edessis,W,Greece,VIVC,0,2023,,,,,Croatia,,,Jarama
VB Cal 6-04 N5,R,Switzerland,other,0,2023,,0,,,Switzerland,,,
Pelso,W,Hungary,VIVC,0,2023,,1,,,Hungary,,,
Kalina,R,Switzerland,RHV,0,2023,,0,,,Switzerland,Poland,,
Refrén,W,Hungary,VIVC,0,2023,,0,,,Hungary,,,Refren
Dodrelyabi,R,Georgia,VIVC,0,2023,,0,,,Chile,Serbia,,Gros Colman
Nevoeira,R,Portugal,VIVC,0,2023,,0,,,Portugal,,,
Uva Cao,W,Portugal,VIVC,0,2023,33,0,,,Portugal,,,
Zadarka Crna,R,Croatia,VIVC,0,2023,,,,,Croatia,,,Zadarka
Espadeiro Mole,R,Portugal,VIVC,0,2023,,0,,,Portugal,,,
Defensor,W,Portugal,VIVC,0,2023,,,,,Poland,,,
Kosmopolita,G,Serbia,VIVC,0,2023,,1,,,Serbia,,,
Roxo Rei,G,Portugal,VIVC,0,2023,,0,,,Portugal,,,
Tressot,R,France,RHV,0,2023,0,0,,,France,,,
Floreal,W,France,VIVC,0,2023,,,,,Belgium,Netherlands,,
Krstač,W,Montenegro,RHV,0,2023,,,,,Croatia,,,Bijeli Krstač
Gouveio Preto,R,Portugal,VIVC,0,2023,,0,,,Portugal,,,
Mondet,R,Portugal,VIVC,0,2023,,0,,,Portugal,,,
VB 91-26-26,R,Switzerland,other,0,2023,,0,,,Switzerland,,,
Minnesota Muscat,W,United States,other,0,2023,,0,,,Canada,,,
Valveirinha,W,Portugal,VIVC,0,2023,,0,,,Portugal,,,Valveirinho
Pinorico,R,Switzerland,VIVC,0,2023,,0,,,Switzerland,,,
Abondant,W,France,VIVC,0,2023,0,0,,,France,,,
Gołubok,R,Ukraine,RHV,0,2023,,,,,Poland,,,
Calardis Blanc,W,Germany,VIVC,0,2023,,,,,Poland,Belgium,Netherlands,
Jádorvány,W,Hungary,other,0,2023,,0,,,Hungary,,,Járdovány
Odola,R,France,VIVC,0,2023,1,0,,,France,,,
Purcsin,R,Hungary,VIVC,0,2023,,0,,,Hungary,,,
Silvana Rot,R,Austria,VIVC,0,2023,,,,,Croatia,,,Žerjavina
Augustovski,W,Moldova,VIVC,0,2023,,0,,,Moldova,,,
Terrantez do Pico,W,Portugal,RHV,0,2023,,0,,,Portugal,,,
Naia,W,Portugal,VIVC,0,2023,,0,,,Portugal,,,
Ruzevina,W,Croatia,VIVC,0,2023,,,,,Croatia,,,Ruževina=Ruža
Magyarfrankos,R,Hungary,RHV,0,2023,,0,,,Hungary,,,Magyar Frankos; Magyar frankos
Lameiro,W,Portugal,VIVC,0,2023,,0,,,Portugal,,,
Felicia,W,Germany,VIVC,0,2023,,,,,Poland,,,
Gesztus,W,Hungary,VIVC,0,2023,,0,,,Hungary,,,
Kentville White 94-1,W,Canada,VIVC,0,2023,,0,,,Canada,,,KW 94-1
Mekuja Bijela,W,Croatia,VIVC,0,2023,,,,,Croatia,,,Mekuja
Sirmium,W,Serbia,RHV,0,2023,,,,,Serbia,Croatia,,
Excelsior,W,France,VIVC,0,2023,,0,,,Switzerland,,,
Leira,W,Portugal,VIVC,0,2023,,0,,,Portugal,,,
Boal Barreiro,W,Portugal,RHV,0,2023,,0,,,Portugal,,,
Jagodinka,R,Serbia,VIVC,0,2023,,,,,Serbia,,,
Danam,W,France,VIVC,0,2023,,0,,,France,,,
VB 91-26-27,R,Switzerland,other,0,2023,,0,,,Switzerland,,,
Granho,W,Portugal,VIVC,0,2023,,0,,,Portugal,,,
Zacretska Belina,W,Croatia,VIVC,0,2023,,,,,Croatia,,,Svetokriška Belina
Everest,W,Austria,VIVC,0,2023,,,,,United States,Serbia,,Evita
Agadaj,W,Croatia,other,0,2023,,,,,Croatia,,,Agada I Bijeli
Laurot,R,Czech Rep.,RHV,0,2023,,,,,Belgium,Netherlands,,
Colmar Precoce Noir,R,France,VIVC,0,2023,,0,,,Canada,,,Prococe de Colmar
Verdial,W,Portugal,VIVC,0,2023,,0,,,Portugal,,,Verdial Branco
Saint-Pierre Dore,W,France,VIVC,0,2023,0,0,,,France,,,
Himbertscha,W,Switzerland,RHV,0,2023,0,0,,,Switzerland,,,
Hamvas,W,Hungary,VIVC,0,2023,,0,,,Hungary,,,Barátcsuha
Lourela,R,Portugal,VIVC,0,2023,,0,,,Portugal,,,
Antigona,R,Serbia,VIVC,0,2023,,,,,Serbia,,,
Rinot,W,Czechia,VIVC,0,2023,,,,,Belgium,Netherlands,,
Malvia,W,Portugal,VIVC,0,2023,,0,,,Portugal,,,
Eyholzer Rote,R,Switzerland,RHV,0,2023,,0,,,Switzerland,,,Roter Eyholzer
Mergeritar,W,Russia,VIVC,0,2023,,0,,,Moldova,,,Mărgăritar
Planinka,W,Slovenia,VIVC,0,2023,,,,,Slovenia,,,
MRAC 1099,R,Switzerland,other,0,2023,,0,,,Switzerland,,,
KW 96-2,W,Canada,other,0,2023,,0,,,Canada,,,
Kat.E.Lin,R,Canada,VIVC,0,2023,,0,,,Canada,,,Katelin
UD 31103,R,Italy,other,0,2023,,0,,,Switzerland,Belgium,Netherlands,UD-31.103; Ud31-103
Captivator,W,United States,VIVC,0,2023,,,,,United States,,,
Edelweiss,W,United States,RHV,0,2023,,16,-99.4,2010-2023,United States,,,
Caco,R,United States,VIVC,0,2023,,,,,United States,,,
Táltos,W,Hungary,VIVC,0,2023,,1,-80.7,2010-2023,Hungary,,,Taltos
Branco Sr. Joao,W,Portugal,VIVC,0,2023,,0,,,Portugal,,,Branco Joao
Kozmopoliten,W,Hungary,other,0,2023,,0,,,Hungary,,,
Mejsko Belo,W,Croatia,VIVC,0,2023,,,,,Croatia,,,
Roxo de Vila Flor,R,Portugal,VIVC,0,2023,,0,,,Portugal,,,Roxo Flor
Chardoris,W,Switzerland,other,0,2023,,0,,,Switzerland,,,
Heuréka,W,Hungary,other,0,2023,,0,,,Hungary,,,
Delhro,R,France,VIVC,0,2023,,0,,,France,,,
Docal,R,Portugal,VIVC,0,2023,,0,,,Portugal,,,
MRAC 1087,R,Switzerland,other,0,2023,,0,,,Switzerland,,,
Blush Seedless,R,United States,VIVC,0,2023,10,,,,Serbia,,,
Blanc Dame,W,France,RHV,0,2023,0,0,,,France,,,
Riesel,W,Switzerland,RHV,0,2023,,,,,Belgium,Netherlands,,
Kersus,W,Italy,VIVC,0,2023,,,,,Belgium,Netherlands,,
Aramont,R,France,VIVC,0,2023,1,0,,,Spain,,,
Seducha,R,Serbia,VIVC,0,2023,,,,,Serbia,,,
Frajla,W,Serbia,other,0,2023,,,,,Serbia,,,
Pleskunaca,W,Croatia,VIVC,0,2023,,,,,Croatia,,,
Luglienga Bianca,W,Italy,VIVC,0,2023,,,,,Croatia,,,Sokol
Roter Milan,R,Switzerland,VIVC,0,2023,,0,,,Switzerland,,,
Calandra,W,Italy,other,0,2023,,,,,Belgium,Netherlands,,
Alvar Branco,W,Portugal,VIVC,0,2023,,0,,,Portugal,,,Alvar
Epicure,W,Switzerland,other,0,2023,,,,,Canada,,,
Cabernet Eidos,R,Italy,VIVC,0,2023,,,,,Poland,,,
Cidreiro,R,Portugal,VIVC,0,2023,,0,,,Portugal,,,
Ontario,W,United States,VIVC,0,2023,,0,,,Poland,Switzerland,,
Rubinovy Magaracha,R,Ukraine,RHV,0,2023,0,0,,,Kazakhstan,,,Ruby Magaracha
Alden,R,United States,other,0,2023,,,,,Poland,,,
Knipperlé,W,France,RHV,0,2023,2,0,,,France,,,Knipperle
Somszoekoe Kék,R,Hungary,VIVC,0,2023,,0,,,Hungary,,,Hajnos Kék
Mireille,W,France,VIVC,0,2023,,0,,,France,,,
Moscargo,R,Portugal,VIVC,0,2023,,0,,,Portugal,,,
Terras 20,R,France,VIVC,0,2023,13,0,,,France,,,
Verdelho l'Anjou,W,France,other,0,2023,,0,,,France,,,
Serena,W,Germany,VIVC,0,2023,,,,,Poland,,,
Muscatin,W,Switzerland,other,0,2023,,0,,,Switzerland,,,
Divljaka,W,Croatia,VIVC,0,2023,,,,,Croatia,,,Divljaka Bijela
Krivalja Bijela,W,Croatia,VIVC,0,2023,,,,,Croatia,,,
Imperial Napoleon,R,Spain,VIVC,0,2023,,0,-99.7,2010-2023,Serbia,Spain,,Don Mariano
Tihanyi Kék,R,Hungary,VIVC,0,2023,,0,,,Hungary,,,Tihanyi kék
Malvasia Romana,W,Portugal,VIVC,0,2023,,0,,,Portugal,,,
Donzelinho Roxo,R,Portugal,VIVC,0,2023,,0,,,Portugal,,,
Luzidio,W,Portugal,VIVC,0,2023,,0,,,Portugal,,,
Agadai,W,Russia,VIVC,0,2023,1265,,,,Serbia,,,
Allegro,R,Germany,RHV,0,2023,,,,,Poland,,,
Lusitano,R,Portugal,VIVC,0,2023,,0,,,Portugal,,,
Ovidiopolsky,W,Ukraine,RHV,0,2023,,,,,Poland,,,Nachodka
Branco Valente,W,Portugal,RHV,0,2023,,0,,,Portugal,,,Valente
Jaoumet,W,France,VIVC,0,2023,,0,,,France,,,
MRAC 1817,R,Switzerland,other,0,2023,,0,,,Switzerland,,,
Deliciosa,R,Portugal,VIVC,0,2023,,0,,,Portugal,,,
Cabernet x Maréchal Foch,R,Switzerland,RHV,0,2023,,0,,,Switzerland,,,
Lipolist,W,Croatia,VIVC,0,2023,,,,,Croatia,,,Garganja
Kleinberger Gelber,W,Germany,VIVC,0,2023,,,,,Belgium,Netherlands,,Gelber Kleinberger
Carla,R,France,VIVC,0,2023,,0,,,France,,,
Summerland,R,Canada,other,0,2023,,0,,,Canada,,,
Elmer Swenson 10- 18- 30,W,United States,VIVC,0,2023,,0,,,Canada,,,ES 10-18-30
Delisle,W,United States,RHV,0,2023,,0,,,Canada,,,
Saint-Cliche,W,Canada,other,0,2023,,0,,,Canada,,,
ES 10-18-14,W,United States,other,0,2023,,0,,,Canada,,,
Sauvignon Nepis,W,Italy,VIVC,0,2023,,,,,Poland,,,
Molinera,R,Spain,VIVC,0,2023,,,,,Serbia,,,Malaga Red
Crnka Crna,R,Croatia,VIVC,0,2023,,,,,Croatia,,,Crnka
Augster Blau,R,Austria,VIVC,0,2023,,0,,,Hungary,,,Fekete Fájú Bajor; Kék Bajor
Muscat Madam Mathiasz,R,Hungary,other,0,2023,,,,,Croatia,Serbia,,Muscat Madame Matias
DU 31120,R,Italy,other,0,2023,,0,,,Switzerland,,,UD-31.120
Carbernet Volos,R,Italy,VIVC,0,2023,,0,,,Switzerland,,,UD-32.078
Cabernet Early,R,Switzerland,other,0,2023,,0,,,Switzerland,,,
Krkošija,W,Bosnia,RHV,0,2023,,,,,Croatia,,,
Sweet Jubilee,,United StatesR,VIVC,0,2023,,,,,Serbia,,,Jubilee
Kladovska Bela,W,Serbia,VIVC,0,2023,,,,,Serbia,,,
Castalia,W,Portugal,RHV,0,2023,,0,,,Portugal,,,
Almafra,W,Portugal,VIVC,0,2023,,0,,,Portugal,,,Almafre
Blattner Cal 1-15,R,Switzerland,VIVC,0,2023,,0,,,Switzerland,,,VB Cal 1-15
Vrtovka,W,Slovenia,VIVC,0,2023,,,,,Slovenia,,,
Schuyler,R,United States,VIVC,0,2023,,,,,Poland,Belgium,Netherlands,
Úrréti,W,Hungary,VIVC,0,2023,,0,,,Hungary,,,Urreti
Muscat Morawsky,W,Czechia,VIVC,0,2023,,,,,Poland,,,Muscat morawski
Tedi's Best,R,Switzerland,other,0,2023,,0,,,Switzerland,,,
Esganinho,W,Portugal,VIVC,0,2023,,0,,,Portugal,,,
Verona,R,United States,other,0,2023,,,,,Serbia,,,
Malaga,W,Croatia,VIVC,0,2023,,,,,Serbia,,,Malaga Bela
Vugava,W,Croatia,RHV,0,2023,,,-99.8,2010-2023,Croatia,,,Vugava Bijela Omiška
Bousquet Precoce,W,France,VIVC,0,2023,16,0,-98.8,2010-2023,France,,,
Grassen,R,France,VIVC,0,2023,1,0,,,France,,,
Seibel White,W,France,other,0,2023,37,0,,,France,,,
Beclan,R,France,RHV,0,2023,0,0,,,France,,,
Clara,W,Brazil,VIVC,0,2023,,0,,,Brazil,,,BRS Clara
Melhorio,R,Portugal,RHV,0,2023,,0,,,Portugal,,,
Kossuth Lajos,W,Hungary,VIVC,0,2023,,,,,Serbia,,,
Bratkovina Crna,R,Croatia,RHV,0,2023,,,,,Croatia,,,Bratkovina Crvena
Noir Fleurien,R,France,RHV,0,2023,0,0,,,France,,,
Blattner Cal 1-31,R,Switzerland,VIVC,0,2023,,0,,,Switzerland,,,VB Cal 1-31
Canner Seedless,W,United States,VIVC,0,2023,,0,,,France,,,
Mouyssagues,R,France,RHV,0,2023,0,0,,,France,,,
VB Cal 1-14,R,Switzerland,other,0,2023,,0,,,Switzerland,,,
Agat Donskoi,R,Russia,VIVC,0,2023,,,,,Poland,,,Agat Donski
VB Jura 25,R,Switzerland,other,0,2023,,0,,,Switzerland,,,
Teoulier Noir,R,France,RHV,0,2023,1,0,,,France,,,
Agasfark,R,Hungary,VIVC,0,2023,,0,,,Hungary,,,Tarcali Kék; Tarcali kék
Burdin,W,France,VIVC,0,2023,0,0,,,France,,,
Calardis Musque,W,Germany,VIVC,0,2023,,,,,Poland,,,
Xara,R,Portugal,VIVC,0,2023,,0,,,Portugal,,,
Duranija Bijela,W,Croatia,VIVC,0,2023,,,,,Croatia,,,Draganela Bijela
Krajinski Bojadiser,R,Croatia,VIVC,0,2023,,,,,Serbia,,,
Arkansas 1704,W,United States,VIVC,0,2023,,,,,Poland,,,
Biona,W,USSR,VIVC,0,2023,,,,,Poland,,,
IRAC 1933,R,Switzerland,other,0,2023,,0,,,Switzerland,,,
Chasselas Sabor,W,Portugal,VIVC,0,2023,,0,,,Portugal,,,
Jeroma,R,Spain,other,0,2023,,0,,,Spain,,,
Muškat D’Adda,W,Italy,VIVC,0,2023,,,,,Croatia,,,
Godominka,W,Serbia,VIVC,0,2023,,,,,Serbia,,,
Taurus,W,Hungary,VIVC,0,2023,,0,,,Hungary,,,
Negotinski Rubin,R,Serbia,VIVC,0,2023,,,,,Serbia,,,
Irsai Oliver,W,Hungary,VIVC,0,2023,,,,,Croatia,,,Muškat Oliver
Srpski Rubin,R,Croatia,VIVC,0,2023,,,,,Serbia,,,
Freiminer,R,Germany,VIVC,0,2023,,,,,Poland,,,
Iza Zaliwska,W,Poland,VIVC,0,2023,,,,,Poland,,,
Sulima,W,France,VIVC,0,2023,,0,,,France,,,
Pascal Blanc,W,France,RHV,0,2023,0,0,,,France,,,
Artaban,R,France,VIVC,0,2023,,,,,Belgium,Netherlands,,
Korai Bibor,R,Hungary,VIVC,0,2023,,,,,Hungary,Poland,,Korai bíbor
Magliasina,R,Italy,VIVC,0,2023,,0,,,Switzerland,,,Magliasino
Gaillard,R,France,RHV,0,2023,,0,,,France,,,
Enfarine Noir,R,France,VIVC,0,2023,,0,,,France,,,
Gargiulo 87746,VIVC,R,,0,2023,,,,,Argentina,,,
Sugrafive,W,United States,VIVC,0,2023,118,0,-99.0,2010-2023,Spain,,,Sugra Five
Esganacao Preto,R,Portugal,VIVC,0,2023,,0,,,Portugal,,,Esgana Cao Tinto
Kosovska Rana,R,Serbia,VIVC,0,2023,,,,,Serbia,,,
Erzsebet Kiralyne Emleke,W,Hungary,VIVC,0,2023,,,,,Serbia,,,
Chaouch Blanc,W,Turkey,VIVC,0,2023,2,,,,Serbia,,,Cavus
Muskat Yerevanyan,W,Armenia,VIVC,0,2023,,,,,Serbia,,,Muskat Erevanski
Vugava Crvena Omiška,W,Croatia,VIVC,0,2023,,,,,Croatia,,,
Radmilovački Muscat,W,Serbia,other,0,2023,,,,,Serbia,,,
Liza,W,Serbia,VIVC,0,2023,,,,,Serbia,,,
Galac,R,Croatia,VIVC,0,2023,,,,,Croatia,,,
Banatski Muskat,R,Serbia,VIVC,0,2023,,,,,Serbia,,,
Biserka Rana,W,Serbia,VIVC,0,2023,,,,,Serbia,,,
Smederevka,W,Serbia,other,0,2023,,,,,Serbia,,,Smederevo Muscat
Alvarelhao Ceitao,R,Portugal,VIVC,0,2023,,0,,,Portugal,,,
De Cilindro,W,Spain,VIVC,0,2023,15,0,,,Spain,,,
Poulsard Blanc,W,France,RHV,0,2023,14,0,,,France,,,
Arrouya,R,France,RHV,0,2023,,0,,,France,,,
MRAC 40,R,Switzerland,other,0,2023,,0,,,Switzerland,,,
MRAC 1626,R,Switzerland,other,0,2023,,0,,,Switzerland,,,
Nosztori Rizling,W,Hungary,VIVC,0,2023,,0,,,Hungary,,,Nosztori rizling
Castets,R,France,RHV,0,2023,0,0,,,France,,,
VB Cal 1-33,R,Switzerland,other,0,2023,,0,,,Switzerland,,,
VB Cal 1-29,R,Switzerland,other,0,2023,,0,,,Switzerland,,,
Gänsfüsser,R,Germany,RHV,0,2023,,0,,,France,,,Gansfusser
Moscatel Lilaz,W,Portugal,VIVC,0,2023,,0,,,Portugal,,,Lilas
Tinta Malandra,R,Portugal,VIVC,0,2023,,0,,,Portugal,,,Malandra
Dinka,W,Hungary,other,0,2023,,,,,Serbia,,,Zold Dinka
Smudna Belina,W,Croatia,other,0,2023,,,,,Croatia,,,
Krstičevica,W,Croatia,VIVC,0,2023,,,,,Croatia,,,
Pinot Nova,R,Austria,VIVC,0,2023,,,,,Poland,,,
Fepiro,R,Portugal,VIVC,0,2023,,0,,,Portugal,,,
Tinta Aurelio,R,Portugal,VIVC,0,2023,,0,,,Portugal,,,Tinto do Aurelio
Perła Zali,W,Poland,other,0,2023,,,,,Poland,,,
Olivette de Laconnex,W,Switzerland,other,0,2023,,0,,,Switzerland,,,
Merlan,R,Moldova,VIVC,0,2023,,,,,Poland,,,
Sevar,R,Czechia,VIVC,0,2023,,,,,Poland,,,
Naparo,R,Spain,VIVC,0,2023,0,0,-99.7,2010-2023,Spain,,,
Opuzenska Rana,R,Serbia,VIVC,0,2023,,,,,Serbia,,,
Refren,W,Hungary,VIVC,0,2023,,,,,Poland,,,RF 16
Váh,R,Slovakia,RHV,0,2023,,,,,Poland,,,Vah
Goecseji Zamatos,W,Hungary,VIVC,0,2023,,,,,Poland,,,ECS 34
Esther,R,Hungary,VIVC,0,2023,,0,,,Switzerland,,,Königliche Esther
Festivalnyj Ustoichivyi,R,Moldova,VIVC,0,2023,,,,,Poland,,,FESTIVALNYJ
Torysa,R,Slovakia,RHV,0,2023,,,,,Poland,,,
Jazmin,W,Hungary,VIVC,0,2023,,,,,Poland,,,
Ariana,R,Czech Rep.,RHV,0,2023,,,,,Poland,,,
Muscat Donskoj,R,Russia,VIVC,0,2023,,,,,Poland,,,
Reform,W,Hungary,VIVC,0,2023,,,,,Poland,,,RF48
Lilla,W,Hungary,VIVC,0,2023,,0,,,Switzerland,,,
Hron,R,Slovakia,RHV,0,2023,,,,,Poland,,,Hron 
Rudava,R,Slovakia,RHV,0,2023,,,,,Poland,,,
Uva del Fantini,R,Italy,VIVC,0,2016,,0,,,Italy,,,
Doukkali,R,Morocco,VIVC,,,16557,,,,,,,
Mamaia,R,Romania,VIVC,0,2016,,0,,,Romania,,,
Mavro Messenikola,R,Greece,RHV,,,3,,,,,,,
Batili,W,Greece,other,,,27,,,,,,,
Sanforte,R,Italy,VIVC,0,2016,,0,,,Italy,,,
Castonotal,W,Spain,VIVC,,,0,,,,,,,
Cabernet Malbec,R,France,VIVC,,,34,,,,,,,
Blanqueiro,W,France,RHV,,,1,,,,,,,
Oberlin White,W,France,other,,,1,,,,,,,
Fokiano (W),R,Greece,other,,,57,,,,,,,Fokiano (White)
Breidecker,W,Germany,RHV,0,2016,25,0,-92.1,2010-2016,New Zealand,,,
Grachen,W,South Africa,VIVC,0,2016,,0,,,South Africa,,,
Lacoste,R,France,VIVC,,,1,,,,,,,
Orpicchio,W,Italy,VIVC,0,2016,,0,,,Italy,,,
Kozma CS. 2,R,Hungary,VIVC,,,,,,,,,,Cs.2
Panse Valenciano,W,Spain,VIVC,,,649,,,,,,,Panse Valenciana
Peloursin,R,France,RHV,,,0,,,,,,,
Malvasia Moscata,W,Italy,VIVC,,,,,,,,,,Malvasia Bianca di Piemonte
Cep Rouge,R,France,VIVC,,,0,,,,,,,
Ensanyo Tintas,R,Spain,other,,,,,,,,,,
K.35,W,Hungary,other,,,,,,,,,,
Crovassa,R,Italy,RHV,0,2016,2,0,,,Italy,,,
Piquepoul Bousch,R,France,VIVC,,,0,,,,,,,
Jurie,W,France,VIVC,,,0,,,,,,,
Astra,W,Romania,VIVC,0,2016,,0,,,Romania,,,
Vineti,W,Spain,other,,,0,,,,,,,
Mornen Noir,R,France,RHV,,,1,,,,,,,
Baleille,W,France,VIVC,,,1,,,,,,,
Lecinaro,R,Italy,VIVC,0,2016,,0,,,Italy,,,
Liatiko (W),R,Greece,other,,,70,,,,,,,Liatiko(White)
Maliverne,W,France,other,,,0,,,,,,,
Bonarda Grande,R,Italy,VIVC,,,538,,,,,,,
Cruciulita,W,Romania,VIVC,0,2016,,0,,,Romania,,,Alb Rominesc
Carmine,R,United States,RHV,,,10,,,,,,,
Ranna Melnishka Loza,R,Bulgaria,RHV,,,,,,,,,,
Bariadorgia,W,Italy,RHV,,,0,,,,,,,
Perlita,W,Spain,other,,,1,,,,,,,
Monbadon,W,France,RHV,,,657,,,,,,,
Boiziau,R,France,VIVC,,,1,,,,,,,
Barbarossa,G,Italy,RHV,,,16,,,,,,,
Droujba,W,Bulgaria,VIVC,,,3,,,,,,,Drujba
Pepella,W,Italy,RHV,0,2016,,0,-93.1,2010-2016,Italy,,,
Seyve Villard 23-512,R,France,VIVC,,,,,,,,,,S.V. 23-512
Xinomavro (W),R,Greece,RHV,,,3,,,,,,,Xinomavro (White)
Dominga,W,Spain,VIVC,,,0,,,,,,,
Mecle de Bourgoin,R,France,VIVC,,,2,,,,,,,
Emerald seedless,W,United States,VIVC,,,16,,,,,,,
Misket Varnenski,W,Bulgaria,RHV,,,,,,,,,,
Gutenborner,W,Germany,RHV,,,,,,,,,,
Miguel del Arco,R,Spain,VIVC,,,1267,,,,,,,Miguel De Arco; Vidau
Chenivesse,R,France,VIVC,,,1,,,,,,,
Ensayo Blancas,W,Spain,other,,,,,,,,,,
Pougnet,R,France,VIVC,,,0,,,,,,,
Guillemot,W,France,VIVC,,,0,,,,,,,
Prodest,R,Italy,RHV,,,2,,,,,,,
Petite Amie,W,United States,RHV,0,2016,,0,,,United States,,,
Stavroto,R,Greece,RHV,0,2016,104,0,-98.0,2010-2016,Greece,,,
Gateta,R,Spain,VIVC,,,7,,,,,,,
Morrastel Bouschet,R,France,RHV,,,1,,,,,,,
Monstruosa,W,Spain,RHV,,,2,,,,,,,Monstruosa de Monterrei
Provareau,R,France,VIVC,,,2,,,,,,,
Canelon,R,Argentina,VIVC,,,8,,,,,,,
Mauzac Noir,R,France,RHV,,,10,,,,,,,
Vidal Noir,R,France,other,,,0,,,,,,,Vidal Red
Limnio (W),R,Greece,RHV,,,27,,,,,,,Limnio(white)
Alb de Ialoveni,W,Moldova,VIVC,,,2,,,,,,,
Cinsaut Seedless,R,Spain,other,,,9,,,,,,,
Ekim Kara,R,Ukraine,RHV,,,19,,,,,,,
Beogradska Crna,W,Serbia,RHV,0,2016,,0,,,South Africa,,,
Cartouche,W,Spain,VIVC,,,31,,,,,,,
Putzscheere,W,Hungary,VIVC,,,0,,,,,,,
Dalkauer,W,Germany,RHV,,,100,,,,,,,
Gamba Rossa,R,Italy,VIVC,0,2016,,0,,,Italy,,,
Tinto de Zafra,R,Spain,other,,,4,,,,,,,
Misket,W,Ukraine,VIVC,,,3764,,,,,,,
Perola,W,Portugal,VIVC,,,68,,,,,,,
Servanin,R,France,VIVC,,,0,,,,,,,
Taminga,W,Australia,RHV,,,46,,,,,,,
Kunbarát,W,Hungary,RHV,0,2016,,0,-95.4,2010-2016,Hungary,,,Kunbarat
Listrao Roxo,R,Portugal,VIVC,,,10,,,,,,,
Maiolina,R,Italy,RHV,0,2016,,0,-73.9,2010-2016,Italy,,,
Noria,W,Slovakia,RHV,,,,,,,,,,
Kokur Bely,W,Ukraine,RHV,,,641,,,,,,,Cokur White
Tilki Kuyrugu,W,Armenia,VIVC,,,172,,,,,,,Telti Kyryk
Feunate,R,France,VIVC,,,0,,,,,,,
Dunze,R,Switzerland,other,,,1,,,,,,,
Capolongo,W,Italy,VIVC,0,2016,,0,-90.3,2010-2016,Italy,,,
Saint Macaire,R,France,RHV,,,1,,,,,,,
Ilichevskii Rannii,R,Ukraine,VIVC,,,5,,,,,,,Iliciovski Ciornai Rannii
Roublot,W,France,VIVC,,,0,,,,,,,
GM 322,R,Canada,other,,,,,,,,,,
Pervomaisky,R,Uzbekishtan,RHV,,,64,,,,,,,Pervomaiskii
Taylor,W,United States,VIVC,,,0,,,,,,,
Paolina,W,Italy,RHV,0,2016,,0,-91.4,2010-2016,Italy,,,
Malegue,W,France,VIVC,,,1,,,,,,,
Hajnalka,W,Hungary,VIVC,0,2016,,0,,,Hungary,,,Hajnal
Vilana (R),W,Greece,RHV,,,60,,,,,,,
Valais Noir,R,France,VIVC,,,4,,,,,,,
Kurucvér,R,Hungary,VIVC,0,2016,,0,,,Hungary,,,Kurucver
Aramon Bouschet,R,France,VIVC,,,10,,,,,,,
Calagrano,,,,,,8229,,,,,,,
Palot,W,Spain,VIVC,,,4,,,,,,,
Grand Manchen,W,Spain,other,,,,,,,,,,
Raisaine,W,France,VIVC,,,1,,,,,,,
Mazuelo (G),R,Spain,RHV,,,25,,,,,,,Carignan Gris
Leopoldo III,R,Belgium,VIVC,,,2,,,,,,,
Brocada,W,Spain,RHV,,,2,,,,,,,
Juliana,W,Brazil,VIVC,,,,,,,,,,
Staufer,W,Germany,VIVC,,,4,,,,,,,
Golia,W,Romania,VIVC,0,2016,,0,,,Romania,,,
Montu,W,Italy,RHV,,,1091,,,,,,,
Reze,W,Switzerland,RHV,,,1,,,,,,,
Fontan,R,France,VIVC,,,0,,,,,,,
Canorroyo,W,Spain,VIVC,,,157,,,,,,,
Gargiulo 26879,W,Argentina,VIVC,,,4,,,,,,,C G 26879 (Inta)
Gargiulo 26189,R,Argentina,VIVC,,,6,,,,,,,C.G. 26189 (Inta)
Cinsaut (W),R,France,RHV,0,2016,,0,,,South Africa,,,Cinsaut Blanc
Cabernet Diane,R,United States,VIVC,0,2016,,0,,,United States,,,
Veruccese,R,Italy,VIVC,0,2016,,0,,,Italy,,,
Gosen,R,Italy,VIVC,0,2016,,0,-93.1,2010-2016,Italy,,,
Storgozia,R,Bulgaria,RHV,,,,,,,,,,
Joubertin,R,France,VIVC,,,2,,,,,,,
Balada,R,Romania,VIVC,0,2016,,0,,,Romania,,,
Zlatarica Vrgorska,,,,,,,,,,,,,
Abbou,R,Morocco,VIVC,,,2375,,,,,,,Abbo
Gargiulo 14260,R,Argentina,VIVC,,,1,,,,,,,C.G. 14260 (Inta)
Bellandais,R,France,VIVC,,,2,,,,,,,
Milia,R,Slovakia,RHV,,,,,,,,,,
Michurinets,R,Russia,VIVC,0,2016,,0,,,Canada,,,Michurinetz
Noual,W,France,VIVC,,,0,,,,,,,
